Zaman_s,Roll_Derece,Pitch_Derece,Yaw_Derece
88.0,94.41288334636923,0.011057683202498978,90.26296835553667
88.05,94.41288334636762,0.011057683202301783,90.26296835553508
88.1,94.41288334637527,0.011057683200151729,90.26296835554069
88.15,94.41288334637835,0.01105768319809391,90.26296835554261
88.2,94.41288334637974,0.011057683196843953,90.26296835554267
88.25,94.41288334638081,0.011057683195880245,90.26296835554224
88.3,94.41288334638034,0.011057683195508119,90.26296835554099
88.35,94.41288334638053,0.01105768319694891,90.26296835553934
88.4,94.41288334638395,0.011057683198472397,90.26296835554035
88.45,94.41288334638432,0.01105768319970009,90.26296835554164
88.5,94.41288334638162,0.01105768319958559,90.26296835554227
88.55,94.4128833463773,0.011057683199420201,90.26296835554129
88.6,94.41288334637765,0.011057683197928521,90.26296835554278
88.65,94.4128833463775,0.01105768319791898,90.26296835554143
88.7,94.41288334637879,0.011057683197079313,90.2629683555418
88.75,94.41288334638057,0.01105768319620466,90.26296835554245
88.8,94.41288334638044,0.011057683195714856,90.26296835554187
88.85,94.41288334638173,0.011057683195129633,90.26296835554228
88.9,94.41288334638291,0.011057683195616258,90.2629683555415
88.95,94.41288334638257,0.011057683195584454,90.26296835554191
89.0,94.41288334638254,0.011057683196096521,90.26296835554153
89.05,94.41288334637748,0.011057683198287925,90.26296835553735
89.1,94.41288334637701,0.011057683198122536,90.26296835553896
89.15,94.4128833463762,0.011057683197340119,90.26296835554005
89.2,94.41288334637755,0.01105768319654498,90.26296835554123
89.25,94.4128833463783,0.011057683199165757,90.26296835553833
89.3,94.41288334637704,0.011057683201287187,90.26296835553838
89.35,94.41288334637689,0.011057683200285313,90.26296835554153
89.4,94.412883346379,0.01105768319781402,90.26296835554494
89.45,94.41288334638124,0.011057683195536745,90.26296835554663
89.5,94.41288334638115,0.011057683194356759,90.26296835554525
89.55,94.41288334638132,0.011057683194633466,90.26296835554305
89.6,94.41288334638077,0.0110576831951678,90.26296835554186
89.65,94.41288334637954,0.011057683196039272,90.26296835554035
89.7,94.41288334638305,0.011057683196459105,90.26296835554216
89.75,94.41288334638638,0.011057683195593995,90.26296835554525
89.8,94.41288334638628,0.01105768319493562,90.26296835554514
89.85,94.41288334638269,0.01105768319637641,90.26296835554162
89.9,94.41288334638234,0.011057683195718036,90.26296835554253
89.95,94.41288334638234,0.011057683195718036,90.26296835554253
90.0,94.41288334638138,0.011057683197270147,90.26296835554066
90.05,94.41288334638449,0.011057683197422813,90.26296835554315
90.1,94.41288334638612,0.011057683199738258,90.26296835554344
90.15,94.41288334638554,0.011057683198389703,90.26296835554638
90.2,94.41288334638193,0.011057683197651814,90.26296835554534
90.25,94.41288334638283,0.011057683196449564,90.26296835554623
90.3,94.4128833463858,0.011057683197378286,90.26296835554567
90.35,94.4128833463886,0.011057683199496534,90.26296835554523
90.4,94.41288334638539,0.01105768320078784,90.26296835554399
90.45,94.4128833463806,0.01105768320147484,90.26296835554237
90.5,94.4128833463808,0.011057683200597006,90.2629683555443
90.55,94.41288334638173,0.011057683198046201,90.26296835554652
90.6,94.41288334638173,0.011057683196271453,90.26296835554609
90.65,94.4128833463843,0.011057683194302689,90.26296835554717
90.7,94.41288334638632,0.011057683194111856,90.26296835554616
90.75,94.41288334638607,0.011057683195810273,90.26296835554325
90.8,94.41288334638215,0.011057683197664536,90.26296835554011
90.85,94.41288334638448,0.011057683198211592,90.26296835554216
90.9,94.41288334638558,0.011057683198173424,90.26296835554376
90.95,94.41288334638377,0.011057683201433494,90.26296835554115
91.0,94.41288334637993,0.011057683201808798,90.26296835554176
91.05,94.41288334637979,0.011057683205848103,90.26296835553948
91.1,94.4128833463806,0.011057683204808062,90.26296835554531
91.15,94.41288334637827,0.011057683203494493,90.26296835554533
91.2,94.41288334638436,0.011057683201484382,90.26296835554939
91.25,94.41288334638236,0.011057683201089992,90.2629683555464
91.3,94.41288334638142,0.01105768320078784,90.2629683555446
91.35,94.41288334637972,0.011057683200132645,90.26296835554287
91.4,94.41288334637859,0.011057683199111688,90.26296835554211
91.45,94.41288334638352,0.011057683196363688,90.26296835554604
91.501,94.4128833463835,0.011057683196640397,90.26296835554399
91.55,94.41288334638105,0.011057683196996619,90.26296835554177
91.6,94.41288334637953,0.01105768319688848,90.26296835554115
91.65,94.41288334637984,0.011057683198822258,90.2629683555398
91.7,94.4128833463796,0.011057683197979411,90.26296835554203
91.75,94.41288334637989,0.011057683197063411,90.26296835554307
91.8,94.41288334638213,0.01105768319624919,90.26296835554385
91.85,94.41288334637993,0.011057683198243396,90.26296835554025
91.9,94.41288334638084,0.01105768319975416,90.262968355541
91.95,94.41288334638554,0.0110576831981448,90.26296835554669
92.0,94.41288334638656,0.011057683195660787,90.26296835554919
92.05,94.4128833463837,0.011057683195094647,90.26296835554649
92.1,94.41288334638661,0.011057683194878369,90.26296835554689
92.15,94.41288334638612,0.011057683195937494,90.26296835554466
92.2,94.41288334638405,0.011057683197906258,90.26296835554224
92.25,94.41288334638357,0.011057683197559577,90.2629683555435
92.3,94.41288334638283,0.011057683198507383,90.26296835554282
92.35,94.4128833463844,0.011057683197530952,90.2629683555453
92.4,94.41288334638315,0.011057683196882119,90.26296835554452
92.45,94.41288334638392,0.011057683196630854,90.26296835554419
92.5,94.4128833463842,0.011057683197877633,90.26296835554265
92.55,94.41288334638534,0.011057683197963507,90.26296835554372
92.6,94.41288334638071,0.011057683197915799,90.26296835554203
92.65,94.41288334637717,0.011057683198389703,90.26296835554002
92.7,94.41288334637596,0.01105768319843423,90.26296835553941
92.75,94.41288334637846,0.01105768319809073,90.26296835554102
92.8,94.41288334638084,0.011057683197623189,90.26296835554261
92.85,94.41288334637987,0.011057683199327966,90.26296835553977
92.9,94.41288334638118,0.011057683203284575,90.26296835553862
92.95,94.4128833463803,0.011057683201226756,90.26296835554399
93.0,94.41288334638102,0.011057683199133951,90.2629683555464
93.05,94.4128833463848,0.011057683197753592,90.26296835554798
93.1,94.4128833463826,0.0110576831993057,90.26296835554375
93.15,94.4128833463829,0.011057683198526467,90.26296835554494
93.2,94.41288334638217,0.011057683197874452,90.26296835554446
93.25,94.41288334638345,0.011057683199385215,90.26296835554267
93.3,94.41288334638321,0.011057683199894105,90.26296835554243
93.351,94.41288334638163,0.011057683201408049,90.26296835554058
93.401,94.4128833463806,0.011057683201201313,90.2629683555414
93.45,94.41288334638138,0.011057683199172118,90.26296835554425
93.5,94.4128833463784,0.011057683198653688,90.26296835554193
93.55,94.41288334637552,0.011057683198739563,90.26296835553974
93.6,94.41288334637414,0.01105768319895266,90.26296835553825
93.65,94.41288334637422,0.011057683200278952,90.26296835553688
93.7,94.41288334637666,0.011057683200571563,90.26296835553843
93.75,94.41288334637858,0.011057683200651076,90.26296835553997
93.8,94.41288334637953,0.01105768319890177,90.2629683555426
93.85,94.41288334637913,0.011057683197349661,90.26296835554304
93.9,94.41288334637994,0.011057683196764439,90.26296835554238
93.95,94.41288334638433,0.011057683199079881,90.26296835554112
94.0,94.41288334638578,0.01105768319952516,90.2629683555427
94.05,94.41288334638544,0.011057683198329272,90.26296835554456
94.1,94.41288334638193,0.0110576831984883,90.26296835554214
94.15,94.41288334638219,0.011057683196805786,90.2629683555439
94.2,94.41288334638186,0.011057683195498578,90.26296835554399
94.25,94.41288334638188,0.011057683194773411,90.26296835554356
94.3,94.41288334638253,0.011057683193975092,90.26296835554379
94.35,94.41288334638267,0.011057683195050119,90.26296835554206
94.4,94.4128833463802,0.011057683196983897,90.2629683555395
94.45,94.41288334637913,0.011057683197540493,90.2629683555399
94.5,94.41288334637788,0.011057683197063411,90.26296835554054
94.55,94.41288334637817,0.011057683196586328,90.26296835554129
94.6,94.41288334637852,0.011057683197985772,90.26296835553961
94.65,94.41288334637704,0.01105768320113134,90.262968355538
94.7,94.4128833463752,0.011057683201840604,90.26296835553883
94.75,94.41288334637682,0.011057683206127992,90.2629683555378
94.8,94.41288334637878,0.011057683204524991,90.26296835554396
94.85,94.41288334637706,0.011057683203271853,90.26296835554436
94.9,94.4128833463835,0.01105768320130945,90.26296835554857
94.95,94.4128833463868,0.01105768319837698,90.26296835555122
95.0,94.41288334638739,0.011057683196974356,90.26296835554956
95.05,94.41288334638749,0.011057683196357327,90.26296835554761
95.1,94.41288334638286,0.01105768319786491,90.26296835554183
95.15,94.41288334638455,0.011057683197906258,90.26296835554281
95.2,94.41288334638217,0.011057683199897285,90.26296835554021
95.25,94.41288334638453,0.01105768320032666,90.26296835554292
95.3,94.41288334638347,0.011057683201163146,90.26296835554311
95.35,94.4128833463838,0.011057683200835548,90.26296835554501
95.4,94.4128833463821,0.011057683199607855,90.2629683555453
95.45,94.41288334637716,0.01105768319998316,90.26296835554135
95.5,94.41288334638041,0.01105768319814798,90.26296835554481
95.55,94.41288334637757,0.01105768319929298,90.26296835554052
95.6,94.4128833463743,0.011057683200183535,90.26296835553805
95.65,94.41288334637642,0.011057683198386521,90.26296835554118
95.7,94.41288334638011,0.011057683197534134,90.26296835554288
95.75,94.41288334638145,0.011057683195934314,90.26296835554403
95.8,94.41288334638338,0.011057683194751148,90.26296835554476
95.85,94.41288334638212,0.011057683195123272,90.26296835554264
95.9,94.41288334638224,0.011057683194620745,90.26296835554275
95.95,94.4128833463841,0.011057683195062841,90.26296835554268
96.0,94.41288334638128,0.01105768319624919,90.26296835554002
96.05,94.4128833463785,0.011057683198062105,90.26296835553751
96.1,94.41288334637902,0.011057683199541063,90.26296835553799
96.15,94.41288334638354,0.0110576832002217,90.26296835554123
96.2,94.41288334638577,0.011057683199302521,90.26296835554534
96.25,94.41288334638503,0.011057683199267535,90.2629683555454
96.3,94.41288334638519,0.011057683197616828,90.26296835554714
96.35,94.41288334638213,0.01105768319751823,90.26296835554417
96.4,94.41288334637669,0.011057683199773244,90.26296835553875
96.45,94.41288334637149,0.011057683202689812,90.26296835553406
96.5,94.41288334637152,0.011057683202753422,90.26296835553617
96.55,94.41288334637434,0.011057683200813285,90.26296835554035
96.6,94.41288334637609,0.011057683199432924,90.26296835554125
96.65,94.41288334637342,0.011057683199910007,90.26296835553772
96.7,94.41288334637198,0.011057683200549298,90.26296835553596
96.75,94.41288334637314,0.011057683199964077,90.26296835553742
96.8,94.41288334637542,0.01105768319820523,90.26296835553983
96.85,94.41288334638051,0.011057683196837592,90.26296835554275
96.9,94.412883346386,0.011057683196767618,90.26296835554506
96.95,94.41288334638291,0.011057683197486425,90.26296835554291
97.0,94.41288334638192,0.011057683196573605,90.26296835554409
97.05,94.41288334638347,0.011057683196446384,90.26296835554474
97.1,94.41288334638253,0.01105768319602337,90.26296835554436
97.15,94.41288334638121,0.01105768319544769,90.26296835554332
97.2,94.4128833463777,0.01105768319631598,90.26296835554
97.25,94.41288334638237,0.011057683196395494,90.2629683555425
97.3,94.41288334638317,0.011057683198634604,90.26296835554064
97.35,94.41288334638105,0.011057683200746493,90.26296835553921
97.4,94.41288334637507,0.011057683202642103,90.26296835553673
97.45,94.4128833463767,0.011057683200752854,90.2629683555415
97.5,94.41288334637768,0.011057683201862867,90.26296835554044
97.55,94.41288334637818,0.011057683201341257,90.26296835554173
97.6,94.41288334638003,0.011057683203414978,90.26296835554153
97.65,94.41288334637905,0.011057683203128728,90.26296835554324
97.7,94.41288334637686,0.01105768320193602,90.26296835554356
97.75,94.41288334637646,0.01105768320095641,90.26296835554297
97.8,94.41288334637169,0.011057683202203187,90.26296835553737
97.85,94.41288334637217,0.011057683201573437,90.2629683555379
97.9,94.41288334637208,0.011057683201318993,90.26296835553724
97.95,94.41288334637716,0.011057683201150423,90.26296835553924
98.0,94.41288334638034,0.011057683201261742,90.26296835554137
98.05,94.41288334638388,0.011057683199327966,90.2629683555453
98.1,94.41288334638388,0.011057683199197563,90.26296835554429
98.15,94.41288334638388,0.011057683198109814,90.26296835554471
98.2,94.41288334638074,0.011057683199378854,90.26296835554118
98.25,94.41288334637875,0.011057683199827313,90.26296835554018
98.3,94.41288334637737,0.011057683200113563,90.26296835553943
98.35,94.41288334638027,0.011057683202533964,90.26296835553926
98.4,94.4128833463794,0.011057683202972882,90.26296835554113
98.45,94.41288334637731,0.011057683202603938,90.26296835554173
98.5,94.41288334637385,0.011057683202686632,90.26296835553978
98.55,94.41288334637453,0.0110576832006797,90.26296835554191
98.6,94.41288334637592,0.011057683198087549,90.26296835554328
98.65,94.4128833463776,0.01105768319820841,90.26296835554186
98.7,94.41288334638035,0.011057683196277814,90.26296835554415
98.75,94.41288334638189,0.011057683195011953,90.26296835554433
98.8,94.41288334638168,0.011057683195501758,90.26296835554163
98.85,94.4128833463804,0.011057683195867522,90.26296835553998
98.9,94.41288334637538,0.01105768319785855,90.26296835553578
98.95,94.4128833463737,0.011057683198001675,90.26296835553623
99.0,94.41288334637265,0.011057683197664536,90.26296835553691
99.05,94.41288334637548,0.011057683196869396,90.26296835553944
99.1,94.41288334637763,0.011057683196732632,90.26296835554051
99.15,94.41288334637755,0.011057683197546854,90.26296835553897
99.2,94.41288334637727,0.011057683197196994,90.26296835553954
99.25,94.41288334637417,0.011057683198141618,90.26296835553674
99.3,94.41288334637242,0.011057683199334327,90.26296835553546
99.35,94.4128833463707,0.01105768319981459,90.26296835553465
99.4,94.41288334637132,0.011057683199964077,90.26296835553566
99.45,94.41288334637852,0.01105768319992273,90.26296835554
99.5,94.41288334638033,0.011057683199436105,90.26296835554258
99.55,94.41288334637724,0.011057683199315244,90.2629683555414
99.6,94.41288334637511,0.011057683200317118,90.26296835553919
99.65,94.41288334637584,0.011057683200937326,90.2629683555394
99.7,94.41288334637817,0.011057683200654258,90.26296835554137
99.75,94.41288334637966,0.01105768319878091,90.26296835554378
99.8,94.41288334638197,0.011057683197756771,90.26296835554456
99.85,94.41288334637726,0.01105768319877455,90.2629683555398
99.9,94.41288334637403,0.011057683200205799,90.26296835553687
99.95,94.41288334637524,0.01105768320026623,90.26296835553893
100.0,94.41288334637535,0.011057683198990826,90.26296835554056
100.05,94.41288334637684,0.011057683197963507,90.26296835554166
100.1,94.4128833463759,0.011057683197906258,90.26296835554
100.15,94.4128833463712,0.01105768319958559,90.26296835553514
100.2,94.41288334636894,0.011057683199859118,90.26296835553431
100.25,94.41288334637,0.011057683200234423,90.2629683555348
100.3,94.41288334637237,0.011057683200307577,90.26296835553642
100.35,94.41288334637447,0.011057683199016271,90.26296835553903
100.4,94.4128833463786,0.011057683197072952,90.26296835554234
100.45,94.41288334638072,0.01105768319786491,90.2629683555413
100.5,94.41288334638254,0.011057683198214771,90.26296835554173
100.55,94.41288334638084,0.011057683199168939,90.26296835554058
100.6,94.41288334637987,0.011057683199051257,90.26296835554095
100.65,94.41288334638311,0.011057683201732465,90.26296835554115
100.7,94.41288334638058,0.011057683202817034,90.26296835554135
100.75,94.41288334637899,0.011057683201901035,90.26296835554298
100.8,94.41288334637596,0.011057683201258562,90.26296835554193
100.85,94.41288334637656,0.011057683199035355,90.2629683555439
100.9,94.41288334637737,0.011057683197123842,90.26296835554402
100.95,94.41288334638207,0.011057683198268841,90.26296835554348
101.0,94.41288334637974,0.01105768319981777,90.26296835554102
101.05,94.4128833463764,0.011057683200180354,90.26296835553971
101.1,94.41288334637466,0.011057683201449396,90.2629683555382
101.15,94.41288334637709,0.011057683200406173,90.26296835554118
101.2,94.41288334637737,0.011057683201506645,90.26296835553987
101.25,94.41288334638084,0.011057683203303659,90.26296835554066
101.3,94.41288334638035,0.011057683202378118,90.2629683555431
101.35,94.4128833463808,0.011057683201554354,90.26296835554395
101.4,94.41288334637574,0.01105768320217138,90.2629683555402
101.45,94.41288334637709,0.011057683201093174,90.26296835554211
101.5,94.41288334637814,0.01105768320095641,90.26296835554217
101.55,94.41288334637956,0.011057683199378854,90.26296835554393
101.6,94.41288334637926,0.011057683197489605,90.26296835554412
101.65,94.41288334638122,0.011057683194391744,90.26296835554581
101.7,94.41288334638182,0.01105768319368248,90.26296835554395
101.75,94.41288334638288,0.011057683194674815,90.26296835554177
101.8,94.41288334638331,0.011057683196401855,90.26296835554035
101.85,94.4128833463834,0.011057683196735814,90.26296835554119
101.9,94.41288334638486,0.011057683195237773,90.26296835554389
101.95,94.4128833463849,0.011057683194025981,90.26296835554501
102.0,94.4128833463808,0.011057683195943855,90.26296835554008
102.05,94.41288334638105,0.011057683198211592,90.26296835553956
102.1,94.41288334638158,0.011057683198844521,90.26296835554122
102.15,94.41288334638314,0.011057683198179786,90.26296835554417
102.2,94.41288334638507,0.011057683196150591,90.2629683555473
102.25,94.41288334638018,0.011057683197066591,90.26296835554251
102.3,94.41288334638215,0.011057683196669022,90.26296835554388
102.35,94.41288334638571,0.011057683196945731,90.26296835554517
102.4,94.41288334638541,0.011057683197317855,90.26296835554429
102.45,94.41288334638541,0.011057683197317855,90.26296835554429
102.5,94.41288334638892,0.011057683198345174,90.26296835554548
102.55,94.41288334638644,0.011057683198939938,90.26296835554437
102.6,94.41288334638509,0.011057683199715992,90.26296835554366
102.65,94.41288334638382,0.011057683199098965,90.26296835554453
102.7,94.41288334638121,0.011057683200005424,90.26296835554214
102.75,94.41288334638183,0.011057683197998493,90.26296835554487
102.8,94.41288334638082,0.011057683196818508,90.26296835554412
102.85,94.41288334637854,0.011057683198520105,90.26296835554032
102.9,94.41288334637967,0.01105768319785855,90.26296835554221
102.95,94.41288334637974,0.011057683197378286,90.2629683555425
103.0,94.41288334638169,0.011057683198946299,90.26296835554143
103.05,94.41288334638186,0.011057683199588771,90.26296835554172
103.1,94.41288334638057,0.011057683201109076,90.2629683555402
103.15,94.41288334637991,0.01105768320101684,90.26296835554118
103.2,94.41288334638074,0.011057683199054438,90.26296835554422
103.25,94.41288334637798,0.011057683198621883,90.26296835554196
103.3,94.41288334637525,0.01105768319866641,90.26296835553977
103.35,94.41288334637416,0.011057683198755466,90.26296835553862
103.4,94.41288334637362,0.011057683198504201,90.26296835553816
103.45,94.412883346374,0.011057683198411966,90.26296835553795
103.5,94.41288334637653,0.011057683199626937,90.26296835553812
103.55,94.41288334637699,0.011057683198771368,90.26296835554004
103.6,94.41288334638155,0.011057683197432356,90.26296835554402
103.65,94.41288334638283,0.011057683196417758,90.26296835554501
103.7,94.21600547746971,0.03165182414077902,90.15837956083679
103.75,94.0852732677289,0.038769131609505986,90.10062783997945
103.8,94.21629974112652,0.02477234570314961,89.9869624869868
103.85,94.3558186873003,0.016200940554582387,89.71769757932611
103.9,94.42690317039728,0.013343502711184424,89.41437070828265
103.95,94.46509204984062,0.006594900536524504,89.22136658514579
104.0,94.48025007808461,-0.005367081404175575,89.14964533783622
104.05,94.47225202158766,-0.018632245619863222,89.17291489353316
104.1,94.4517942951625,-0.029588309369982285,89.2465064954155
104.15,94.43068868734352,-0.03665184290926392,89.35387866516704
104.2,94.4144990012909,-0.04131996378043216,89.49866023007213
104.25,94.40110452965892,-0.04340007832119959,89.65229086937148
104.3,94.39160419984526,-0.04264863984859843,89.79521558804922
104.35,94.38680272949327,-0.03947852060735162,89.91781562039637
104.4,94.38577206745487,-0.03455543027632835,90.01666519517026
104.45,94.3871692684454,-0.028614163758721417,90.09249337054638
104.5,94.38986477315287,-0.022326106508369335,90.14828977048755
104.55,94.3930753851204,-0.01621860188939536,90.18788834682125
104.6,94.39631840987444,-0.010647598656231329,90.21509252990224
104.65,94.39932755267088,-0.005809011553859927,90.23322691108599
104.7,94.40197933475183,-0.0017708373661890135,90.24497023616988
104.75,94.4042657824809,0.0014910172856642493,90.25225994580929
104.8,94.40613198200984,0.004057463073589886,90.25666209439966
104.85,94.40763268581826,0.006019023123432443,90.25933022589447
104.9,94.40883251618571,0.0074807904278698925,90.26095047886047
104.95,94.40978294382445,0.008548817698934856,90.26192356888646
105.0,94.41052843115217,0.009317050366634189,90.26249359376605
105.05,94.52187719125519,0.3902972592264892,89.40022375544
105.1,96.09955797758957,-0.5223246698038201,89.95633104923665
105.15,95.02136200231486,-0.3976927743887257,91.27578004305974
105.2,94.1435816358066,-0.41851043382992803,92.42058310313561
105.25,93.80258357920462,-0.3166317399794879,92.54187891071795
105.3,93.83563651265602,-0.19340609127692168,92.17049299220054
105.35,93.99479882966395,-0.08588267637806019,91.65806589319502
105.4,94.15329447389831,-0.006485729232993912,91.17533252362772
105.45,94.27072867442268,0.043112072523388945,90.78925903498099
105.5,94.34464346431768,0.06758066730950321,90.51202583163314
105.55,94.38454170609089,0.07413529855805372,90.33071306872573
105.6,94.40860848904404,0.07074698443104047,90.21115855718168
105.65,94.42620213391886,0.06130005825817915,90.1517179513324
105.7,94.46457793669288,0.0538968425274573,90.07472466054821
105.75,94.53824735303102,0.04504604136995626,90.02931745589713
105.8,94.51280834627188,0.030066796329291667,90.08623967954352
105.85,94.43507409454679,0.018709422952017375,90.13710605945501
105.9,94.43178035577793,0.018318949846815844,90.08646461569833
105.95,94.56184221185923,0.02488032635562668,89.96488603160816
106.0,94.64622446258893,0.01980218307836515,89.96899439603612
106.05,94.55474790247229,0.006658359364830606,90.0675087203814
106.1,94.40405966593853,-0.0004043894022028693,90.12695425586149
106.15,94.33937046525782,0.0018278753674140639,90.10223526286232
106.2,94.42179674390326,0.013612022593015135,89.96031292671195
106.25,94.50747546818316,0.01331578925331727,89.9426090218367
106.3,94.47482286256506,0.006577791789340757,89.98495153135123
106.35,94.4063115771344,0.0030402987992478353,89.9978814673067
106.4,94.37062193430303,0.004295060555296908,89.96591119421103
106.45,94.37361708201588,0.006625107835112368,89.91606988070774
106.5,94.39167832754165,0.008185222207783473,89.87130093210132
106.55,94.40756540233878,0.009087031342700712,89.82441264295255
106.6,94.42323483507288,0.009845449960016734,89.7698799128407
106.65,94.43477122743515,0.010109532299409703,89.71275093094614
106.7,94.44080563476093,0.01097533355424232,89.64060525669447
106.75,94.45089424862502,0.014460007980280416,89.52205058161118
106.8,94.46726745817693,0.013738675570658445,89.44444474889981
106.85,94.44897813962751,0.009735858847973362,89.38709172715508
106.9,94.40419611772751,0.0064837090666724695,89.31215348051629
106.95,94.35287323912789,0.004247867351727796,89.22177678391955
107.0,94.29472434128523,0.0006983236327907978,89.12686940118331
107.05,94.21670730737218,-0.0026480198211542207,89.0065332621531
107.1,94.128116125244,-0.0018894085990918145,88.85588070559916
107.15,94.15662492602749,-0.006174400926712089,88.76287035903246
107.2,94.22783818881169,-0.013647792640864444,88.71408672353637
107.25,94.28251552958986,-0.01969266792726099,88.6559873969353
107.3,94.36545117560127,-0.033976149494198186,88.71080091141381
107.35,94.4054188366234,-0.04969894015201783,88.80789044909112
107.4,94.39818058428585,-0.05944696655054146,88.88035505298822
107.45,94.38053333000465,-0.06387980314148867,88.93337174381595
107.5,94.36106235704398,-0.06380840696347354,88.96014481055458
107.55,94.35773234264454,-0.06318582019127594,88.99479459276948
107.6,94.34974512289335,-0.06113705217772163,89.01673142013514
107.65,94.33463395761149,-0.0567347395369786,89.00852928056669
107.7,94.32834536193965,-0.05258002078686958,88.99462827707795
107.75,94.32601258072079,-0.0491722009492782,88.97691640753575
107.8,94.32120274113218,-0.04578450184077444,88.94607100229669
107.85,94.32380782876298,-0.04382211762965146,88.91976503730953
107.9,94.32805939277235,-0.04347171088569063,88.90195425235866
107.95,94.32345340932909,-0.04278215989612244,88.87285838111119
108.0,94.32053576461153,-0.04217463708556764,88.83931235202215
108.05,93.61757327367889,-0.045508545283952546,88.64708025287261
108.1,93.58664534644409,-0.09501643587422126,89.08736806813044
108.15,94.01123887995479,-0.12010705804410825,89.5747953638362
108.2,94.27586879039389,-0.1182371108531282,89.80807945327767
108.25,94.29728947722383,-0.0876597854984568,89.73015631459658
108.3,94.3749800207062,-0.05364918968590896,89.6050165960453
108.35,94.47797101539389,-0.038586965821281884,89.5750351389235
108.4,94.49617244824299,-0.02554240709450181,89.5026779146997
108.45,94.49386331609345,-0.01633180304691383,89.422213719381
108.5,94.50329496270238,-0.01283254738206812,89.37053669031575
108.55,94.4739008828597,-0.007020641005230569,89.26246296159466
108.6,94.48634906092673,-0.0042366525302316976,89.16557755605882
108.65,94.54227976999506,-0.004965203287481691,89.11724951865448
108.7,94.54358390990409,-0.00882773962348383,89.0766945145304
108.75,94.52733298211787,-0.01579672110119728,89.01989605150742
108.8,94.50214239845619,-0.02309743388397363,88.98701923052032
108.85,94.47202796422069,-0.030768948865109332,88.99713678032509
108.9,94.4420562210978,-0.03825457745488739,89.0442956185321
108.95,94.41099710261776,-0.04447010282395664,89.12275566732991
109.0,94.38271475148761,-0.049631808933390656,89.22893340580752
109.05,94.35694688979878,-0.05380216584076669,89.3581327829978
109.1,94.34481610515117,-0.05806792811457455,89.49699131652285
109.15,94.35127908386853,-0.058546510689979,89.50038283592797
109.2,94.35120186826309,-0.048666800547295296,89.35147779369422
109.25,94.356648580011,-0.03796494759689932,89.23095952731825
109.3,94.36302724363595,-0.03272649083786662,89.18793867948706
109.35,94.38282103281414,-0.03565304116817695,89.25918947059867
109.4,94.39357306670695,-0.0450438712585637,89.45168799716862
109.45,94.38375196023618,-0.05408095512676025,89.65436966220958
109.5,94.36938408492729,-0.05812860050881003,89.80142851942371
109.55,94.35811194171214,-0.05628111066751754,89.87812883852405
109.6,94.35164734730479,-0.05022878252466875,89.89604602201722
109.65,94.34915290910513,-0.04230734363822139,89.87423405283211
109.7,94.34924074120742,-0.03443275577988672,89.83034908629925
109.75,94.35073200072593,-0.027772493761474174,89.77759529751893
109.8,94.35296702821176,-0.022772241373797804,89.72325472279722
109.85,94.35396280619845,-0.0179579516070221,89.6437333782223
109.9,94.34702280304974,-0.010504971016598934,89.50778532707204
109.95,94.34432433661138,-0.005404428915949757,89.39495771963549
110.0,94.34690864612402,-0.0033695305572127195,89.28901937399797
110.05,94.3466816325002,-0.0030791769840223457,89.19630959483327
110.1,94.35600952513128,-0.006221785330852344,89.15665667885924
110.15,94.37023707326644,-0.012213773871232165,89.15982561657269
110.2,94.37898695805407,-0.01856143791414478,89.18550523920376
110.25,94.3817878502416,-0.02378538679199244,89.22011343743286
110.3,94.38124227353234,-0.027279945486594244,89.25441227957577
110.35,94.38169922611165,-0.029176399076449484,89.28349496170894
110.4,94.41003698670406,-0.03299856540619948,89.32608095223264
110.45,94.41145564179803,-0.03231069955884873,89.3249388874559
110.5,94.39322390356254,-0.02742019927103261,89.30768185228864
110.55,94.3778021877065,-0.02213995213420105,89.29831703241767
110.6,94.37065288907881,-0.01810017709301995,89.29984354365875
110.65,94.37010869361782,-0.015472422831209089,89.30833373330803
110.7,94.37323373888005,-0.013912977064386352,89.31934048157308
110.75,94.3777213639127,-0.01302769841725552,89.32976334897604
110.8,94.38218383346737,-0.012528936891849276,89.33800527470576
110.85,94.38411485514327,-0.012011904851491256,89.34086968590768
110.9,94.37849446012726,-0.010354519932754392,89.32446435490333
110.95,94.37178046275957,-0.0077417273327144796,89.28670232466261
111.0,94.37284453217394,-0.005566996308676169,89.24053989856525
111.05,94.37712516606761,-0.004626074097739426,89.20143716587803
111.1,94.38194799386947,-0.005081510098944026,89.17182972396978
111.15,94.39492861608528,-0.008223118129549241,89.16966663809077
111.2,94.40505996831871,-0.01281732782407032,89.18892781336399
111.25,94.40779847665114,-0.01729710174429677,89.21835115110413
111.3,94.405215655791,-0.02075725882027082,89.24995581477904
111.35,94.40034203831934,-0.022933631911532398,89.27998219906006
111.4,94.40234588057812,-0.025131247603567903,89.32465916379194
111.45,94.41523241144583,-0.031584815528300475,89.46910655921083
111.5,94.40840826579927,-0.03899403123640175,89.64930834097024
111.55,94.39464834953117,-0.04329906034399809,89.7889213043011
111.6,94.38309270195313,-0.04239934692983637,89.86075024720972
111.65,94.37591844336745,-0.0373106501976609,89.8720123475638
111.7,94.37266891710247,-0.030123670347494167,89.84106969866313
111.75,94.37210813466025,-0.02275508192125632,89.78641515909985
111.8,94.37308308053397,-0.01646012802057861,89.72243250629035
111.85,94.37477208055908,-0.011808274800804121,89.65862620029908
111.9,94.37691325540163,-0.008124140184705768,89.58530426047524
111.95,94.37359335015833,-0.003046413223421113,89.47728873875384
112.0,94.3688093690936,0.002744917079303008,89.34774174756053
112.05,94.37026359029174,0.0066009821361901954,89.22478110812189
112.1,94.37032921527533,0.008187018677849957,89.10818517012254
112.15,94.37461236603542,0.006910351002509144,89.03497108517625
112.2,94.38891145961816,0.0016671700530516537,89.01618025206075
112.25,94.4002447373841,-0.005199731583711622,89.03209439817034
112.3,94.40487654836075,-0.011663053743230348,89.06592195082047
112.35,94.40493133845936,-0.01664651871221884,89.10539579481359
112.4,94.40312559921912,-0.0197523603389935,89.14143794196386
112.45,94.41645864772455,-0.02303676066091768,89.18624848404613
112.5,94.43394441203993,-0.02606773266545213,89.21716812301965
112.55,94.42063663833258,-0.023595683756525758,89.2145906994024
112.6,94.4021360714738,-0.01881285308955953,89.20922720906492
112.65,94.39104782975045,-0.014334499073255194,89.21102969844223
112.7,94.38795016001525,-0.010946781752351979,89.21841299510925
112.75,94.39008781096021,-0.008597423548072542,89.22781740566306
112.8,94.39478091593656,-0.0070197522656758535,89.23629088912261
112.85,94.39980959475521,-0.005930344796596319,89.24221775877433
112.9,94.40397632042259,-0.005149648503535118,89.24556144171292
112.95,94.40226007116902,-0.0039004890155131386,89.24010894835263
113.0,94.39687981037068,-0.001477455410697977,89.2098539505069
113.05,94.39526473889923,0.0017399789541845028,89.15286110488553
113.1,94.39958185531235,0.004328065045296785,89.09524301151579
113.15,94.4025483058296,0.005561723785580278,89.04980008675477
113.2,94.41289600512744,0.004020099424570824,89.0281249500565
113.25,94.4260233227436,-0.00019512044186023827,89.03633616411024
113.3,94.431715201216,-0.005257489269262504,89.0634138216466
113.35,94.4304135170515,-0.009717228436219631,89.09780926756288
113.4,94.42580214096866,-0.012972414066281834,89.13294926152592
113.45,94.42033490537172,-0.01495631121387253,89.16666879452127
113.5,94.43279995589947,-0.01989965000062019,89.26441620652062
113.55,94.43273914137316,-0.028038236227510137,89.44881016428161
113.6,94.42035964020721,-0.03510358396339993,89.62426165047575
113.65,94.40703070499433,-0.03728641130342968,89.73718523037593
113.7,94.39771769472347,-0.034218212281323664,89.78051825787492
113.75,94.3929980975996,-0.027611593801108694,89.7682694070876
113.8,94.39177999755366,-0.01977918250213135,89.7215617153363
113.85,94.39256424554948,-0.012464041713866654,89.65821746906394
113.9,94.39432094618022,-0.006613788771327521,89.59055225788947
113.95,94.3965796550731,-0.0023951980690197633,89.52378270271161
114.0,94.39766322794455,0.0019733395210681276,89.43359078857495
114.05,94.39424721805241,0.007851685940355157,89.30942170762717
114.1,94.393266824717,0.013743248546459414,89.16961286152113
114.15,94.39475261503694,0.017387700072955634,89.03442779122965
114.2,94.3955415570109,0.018511836764669984,88.92772089696426
114.25,94.4076616679082,0.015196901692182992,88.87961989366657
114.3,94.42140842300705,0.008740199839664344,88.87881539414879
114.35,94.42848028862112,0.0015853339534422296,88.90685038419653
114.4,94.42969216751159,-0.004674659258126644,88.94855188062019
114.45,94.42795776971539,-0.009219326844451314,88.99213592664265
114.5,94.42749022828222,-0.012043746790548407,89.03107294912644
114.55,94.45074671285208,-0.01696683018193709,89.08837293961658
114.6,94.44876801785766,-0.01794962525577847,89.1098794267339
114.65,94.4290075049469,-0.014548000318145536,89.11392582253735
114.7,94.4137886919147,-0.010166919184598002,89.11947394255631
114.75,94.40758518137845,-0.0063446284580177216,89.12833006900954
114.8,94.40800160429517,-0.0033365148394337296,89.13747390622316
114.85,94.41200407629493,-0.0010386913621560224,89.14451176607203
114.9,94.41724238098455,0.0007123944905388996,89.14835757767823
114.95,94.42241451612314,0.002036983517250139,89.149035789512
115.0,94.4244806511284,0.0032574037777739597,89.14790866098232
115.05,94.42148164903631,0.0052329815434860715,89.13074337677972
115.1,94.41902448166255,0.008535468356522672,89.08054778948747
115.15,94.42294165849177,0.01245878471042958,89.00346621070088
115.2,94.42616016011823,0.015582550665736675,88.93873971329646
115.25,94.43222059492767,0.016183473624354964,88.89613895222625
115.3,94.44600961601095,0.013265587479898937,88.8859366298781
115.35,94.45542887560275,0.008343698968890222,88.90331924946682
115.4,94.4570408102311,0.0030865340671770523,88.93684582967067
115.45,94.45341471856882,-0.0013690540285845017,88.97634628932603
115.5,94.44769984822393,-0.00453195240515205,89.01584673366492
115.55,94.44835050819283,-0.007665035857565717,89.07135462932727
115.6,94.4565806374548,-0.015467603398930259,89.23285697946348
115.65,94.44702692308175,-0.02456283832500277,89.4330631235161
115.7,94.432653109737,-0.03011707704835721,89.58884813766915
115.75,94.42114883726434,-0.02984525609385471,89.67124710424045
115.8,94.41458860870027,-0.024736575574105694,89.68696336018996
115.85,94.41220382629176,-0.01705698152071293,89.6555015581668
115.9,94.41253546631832,-0.008948166831170069,89.5970099901252
115.95,94.41432407866058,-0.0018562117674896224,89.52743119526316
116.0,94.41673561938698,0.003542080481076006,89.45723221233987
116.05,94.41988993426912,0.0078606759924381,89.38088396998307
116.1,94.41960431152955,0.013205246008974825,89.27262144085017
116.15,94.41811323931064,0.019804946960647704,89.13007928435806
116.2,94.41961174703223,0.02567802728756812,88.97814199798377
116.25,94.41976725710362,0.029170828505262564,88.84213509552599
116.3,94.42757437488758,0.028564179173535483,88.75867815587307
116.35,94.44269447083867,0.02342199306683875,88.7329132217992
116.4,94.45255488659639,0.01619498775273129,88.74823952869437
116.45,94.45546207809473,0.008940770792250887,88.78752457602543
116.5,94.45416288295883,0.0029717261579397924,88.83593361244445
116.55,94.45141949745403,-0.0010773615879454662,88.88192857531699
116.6,94.46222526673483,-0.005299544436391606,88.93880674864941
116.65,94.47465788405125,-0.009745941079711025,88.98977476058967
116.7,94.45911676191949,-0.009039867541443992,89.01128269782022
116.75,94.44031621460982,-0.005612500007984568,89.02534920277029
116.8,94.42976506046142,-0.0017100841170318763,89.03849879186518
116.85,94.4274969958247,0.0018310091054485882,89.04948761169406
116.9,94.43043524065935,0.004829806589951314,89.05650756621937
116.95,94.43570233513029,0.007304552454029411,89.05894112900818
117.0,94.43570233513029,0.007304552454029411,89.05894112900818
117.05,94.4424954577245,0.00964573872511437,89.05651721903214
117.1,94.4463011479065,0.011237551002130367,89.05207783559386
117.15,94.44516167124884,0.013165139339434516,89.0414405945958
117.2,94.44404114786096,0.01627194005678607,88.99858945638408
117.25,94.44956676259821,0.020062712558963712,88.92573602202042
117.3,94.46697345523609,0.017690115733506515,88.96928668585954
117.35,94.47511127531229,0.009347831701174597,89.07936571111219
117.4,94.47148212557319,0.0016580248640910217,89.17532141460781
117.45,94.46384119948152,-0.002139012098719911,89.23008131362768
117.5,94.4572425772599,-0.0020417318289190035,89.24562655419338
117.55,94.45289739300131,0.0005099515864908163,89.23362121044744
117.6,94.45142860663587,0.0040890801810416506,89.20094519016556
117.65,94.45287958276714,0.007552429901139413,89.13732701002186
117.7,94.38845558991942,0.009188442845782165,88.90189805191
117.75,94.30759838808527,0.02553680863568718,88.55068210078596
117.8,94.29795863995795,0.04202920292052761,88.21338896755286
117.85,94.30918609955177,0.05136810687170761,88.03858760680478
117.9,94.3377504632225,0.051668582938479556,88.11710275314088
117.95,94.39402511855393,0.03608837647089063,88.31475975866039
118.0,94.44509581436739,0.01834043286124604,88.50473222422038
118.05,94.48409234434052,0.004948253972826298,88.62966124211681
118.1,94.50813877857757,-0.001962728088172017,88.67410586984194
118.15,94.5105285535617,-0.002646816987813393,88.65880161716508
118.2,94.49726016151358,0.00047541917955425437,88.65074691226552
118.25,94.48442539726652,0.0028940450114632787,88.68777102636106
118.3,94.47567081618995,0.00045149324908746926,88.77121376692055
118.35,94.47802829331154,0.002693564975966507,88.88099994017131
118.4,94.47943407671558,0.0011912806921425209,89.00376501314815
118.45,94.48099039085017,-0.0005394888076478024,89.12572348290665
118.5,94.48278568209676,-0.0012618101009814861,89.2391614157388
118.55,94.48460065049564,-0.0008008648258375935,89.34079504976057
118.6,94.40883410841833,-0.09030912546531604,89.44551962581514
118.65,94.1448096192175,-0.39623804609357,89.65880697491198
118.7,94.55011431476395,-0.03409246002351636,89.79265116190253
118.75,94.73186478562867,0.1221807751559519,90.22224435606975
118.8,94.74582718783593,0.11160258037624879,90.55082928090113
118.85,94.69941650933427,0.0775608032858423,90.71302816648695
118.9,94.6306774598085,0.05238895636006184,90.73441605318305
118.95,94.56532976918689,0.03913103282964373,90.6726157810146
119.0,94.51260489652813,0.034059352160277695,90.56522098362036
119.05,94.4750411376867,0.032644876061349505,90.4516628175591
119.1,94.44986213900344,0.03162974251377693,90.35736686057616
119.15,94.43318908870879,0.02960427140471388,90.29086237420523
119.2,94.42242550496923,0.026574774292309606,90.25005954678966
119.25,94.41573564737334,0.023046457821404343,90.2290368907093
119.3,94.41177184039739,0.019595652651596338,90.22102427847777
119.35,94.40977129018407,0.016572456244358307,90.22115996200722
119.4,94.40897451160686,0.014134637807078642,90.22584262420942
119.45,94.4087954633105,0.012323845445449295,90.23247938374219
119.5,94.40894865521963,0.011092255294846852,90.23939210434098
119.55,94.40928908820834,0.010342869364239678,90.24563158262622
119.6,94.40972386174353,0.00996179834366624,90.2507765499123
119.65,94.41018472212915,0.009840828376819223,90.25474378124976
119.7,94.41064624721959,0.009879894310625414,90.25764901239906
119.75,94.41106480869138,0.010008863199305036,90.25967630107745
119.8,94.41143271447166,0.010176222105629766,90.26102797380115
119.85,94.41174591707205,0.010349056382503026,90.26188801507323
119.9,94.41200029407061,0.01050869375744939,90.26240601496595
119.95,94.41220804020357,0.010644890525386742,90.26270728823265
120.0,94.41237220043143,0.010755209351161692,90.26287264621052
120.05,94.41249956484188,0.010841039198674797,90.26295660889244
120.1,94.41259718451985,0.010905664415548015,90.26299422351758
120.15,94.41267129490217,0.010953000169594985,90.26300703544602
120.2,94.41272710304959,0.010986854919919993,90.26300768112563
120.25,94.41276883032765,0.011010563010418448,90.26300318092224
120.3,94.41280020644669,0.011026798373603116,90.26299802363012
120.35,94.41282306351833,0.011037758931409522,90.26299321851415
120.4,94.41283947098887,0.011045061259302998,90.26298865521473
120.45,94.41285139428632,0.011049858590759113,90.26298448048102
120.5,94.41286030040806,0.011052989666363434,90.26298084720572
120.55,94.41286686060086,0.011054993765676082,90.26297781898069
120.6,94.41287164260515,0.01105624580310087,90.26297539490037
120.65,94.41287509744996,0.011057003769962147,90.2629735215133
120.7,94.41287757512337,0.01105744288033619,90.26297211432983
120.75,94.41287934553796,0.011057677313666891,90.26297106509526
120.8,94.41288021041574,0.01105783620881614,90.2629697192742
120.85,94.41288113479922,0.0110579205468992,90.26296877303066
120.9,94.41288200548372,0.011057919468439878,90.2629683768727
120.95,94.41288253926295,0.01105787988110234,90.26296822964811
121.0,94.41288282330616,0.011057830395674893,90.26296819339439
121.05,94.412882967807,0.011057785014680186,90.26296820289993
121.1,94.41288304548591,0.011057748574212134,90.26296823054562
121.15,94.41288309519385,0.011057721323772533,90.26296826661442
121.2,94.41288313471338,0.011057701753612476,90.26296830882089
121.25,94.41288317736867,0.01105768582960857,90.26296836783472
121.3,94.41288320840611,0.011057677160621776,90.26296842442046
121.35,94.4128832436775,0.011057671592338718,90.26296848944615
121.4,94.41288328224772,0.011057667444796738,90.26296856767961
121.45,94.4128833153908,0.011057664702535164,90.26296865274293
121.5,94.41288334056708,0.01105766362973723,90.26296873767339
121.55,94.41288335897661,0.011057664346144462,90.2629688170885
121.6,94.41288337243448,0.011057666868696496,90.2629688860818
121.65,94.41288338330918,0.01105767106384184,90.26296894121668
121.7,94.41288339320363,0.011057677095970641,90.26296897797724
121.75,94.41288340695417,0.01105768916903202,90.26296898082919
121.8,94.4128832571473,0.011057745299582944,90.26296861082061
121.85,94.41288298577858,0.011057788709835963,90.2629678953761
121.9,94.41288325612734,0.01105776978905931,90.26296772533804
121.95,94.4128834268429,0.011057731215164191,90.2629677932954
122.0,94.4128834600686,0.011057693753480443,90.26296794601868
122.05,94.41288342322505,0.011057665975021046,90.26296810356422
122.1,94.41288336865632,0.011057649378193047,90.26296823108352
122.15,94.41288332236533,0.011057642101128327,90.26296831993028
122.2,94.41288329280117,0.011057641269651806,90.2629683745108
122.25,94.41288327962839,0.011057644205526471,90.26296840419556
122.3,94.41288327920603,0.011057648895721977,90.26296841884248
122.35,94.41288328892158,0.011057654257955978,90.2629684045606
122.4,94.41288330729029,0.011057659975127166,90.26296838060165
122.45,94.41288332996356,0.011057664305293419,90.26296838603282
122.5,94.41288335129836,0.011057666688184113,90.26296842516295
122.55,94.41288336881519,0.011057667934891598,90.26296848734911
122.6,94.412883382654,0.011057669062926228,90.26296855996296
122.65,94.41288339390714,0.011057670731416619,90.2629686325782
122.7,94.41288340391304,0.011057673081010086,90.26296869735907
122.75,94.41288341454764,0.01105767559908708,90.26296874729101
122.8,94.41288343064129,0.011057675631506475,90.26296876689085
122.85,94.41288311747734,0.011057711464822529,90.26296825748507
122.9,94.41288312637197,0.01105775519329005,90.26296780057825
122.95,94.41288339109829,0.011057753602895,90.26296774171814
123.0,94.41288350694768,0.011057731579239113,90.26296782070091
123.05,94.41288349778107,0.011057706135443659,90.2629679319379
123.1,94.41288343602196,0.01105768526510145,90.26296803534467
123.15,94.41288336904834,0.011057670932074637,90.2629681216161
123.2,94.41288331038793,0.011057662105949356,90.26296819667668
123.25,94.41288327789933,0.011057657474575029,90.26296826174776
123.3,94.41288326690139,0.011057655465186418,90.26296832321702
123.35,94.41288326972713,0.011057654931174457,90.26296838560225
123.4,94.41288328232775,0.011057655549766912,90.26296845184336
123.45,94.41288330618657,0.011057655999064796,90.26296853026535
123.5,94.41288333091626,0.011057656384579836,90.26296861695579
123.55,94.41288335098763,0.011057657339455521,90.26296870497973
123.6,94.41288336598032,0.011057659334487107,90.26296878835736
123.65,94.41288337724589,0.011057662594953286,90.26296886243044
123.7,94.41266496445338,0.010842565816703396,90.26302429530638
123.75,94.41271651377492,0.010904904211869767,90.26302621990749
123.8,94.41273674938121,0.010925560872229016,90.26304971447448
123.85,94.34435393909395,-0.0074440470527596,90.2357406992096
123.9,94.21873191667187,0.014026591834994294,90.00375025534993
123.95,94.17472161330545,0.038639795776281134,89.62118472671375
124.0,94.18122514896538,0.035504386832690485,89.27227828102636
124.05,94.1848480162574,-0.0016026309664822237,89.04529187310027
124.1,94.17022803947911,-0.06216840054707641,88.97480291109322
124.15,94.16560097331512,-0.10906948760017209,89.03034575485653
124.2,94.42753861809724,0.056724982276625084,89.21338453409558
124.25,94.52735836134954,0.07818417590609263,89.63327946552265
124.3,94.54906113902227,0.04542270676767593,90.11045895460036
124.35,94.53421716145567,0.010637068089589544,90.49543841028027
124.4,94.51774073209633,-0.008093306847893708,90.75131805210141
124.45,94.48970784686915,-0.013219717074031277,90.81173718472951
124.501,94.4712536240212,-0.007855984965612614,90.8471864102193
124.55,94.46525227379348,-0.002117848257544885,90.89938327890668
124.6,94.46361200572653,0.0034153892680156115,90.94551612967855
124.65,94.46819041629205,0.0062936312700608696,91.07734300150257
124.701,94.65522798637967,-0.006445001007162903,91.50067111346144
124.75,94.70555847694942,-0.014511571582488109,91.73391233292384
124.8,94.69433730730526,-0.007518936519031726,91.75069979180249
124.85,94.66342961265072,0.0056198136320264255,91.75995755141243
124.9,94.59978691679001,0.020810888048767563,91.7048144688543
124.95,94.51483654294388,0.039079739026443495,91.60108923003665
125.0,94.47691809290511,0.04905378909558436,91.53485875414054
125.05,94.46929741552798,0.05220156543727917,91.48789252431013
125.1,94.46940073133233,0.05214267587291742,91.44483016483589
125.15,94.46868325567957,0.0507291049444305,91.40379568270876
125.2,94.46540333289681,0.04872853321687692,91.36693921162698
125.25,94.50108431218455,0.04352683190108587,91.26741163165711
125.3,94.5159647117943,0.04736800395415385,91.01775904107868
125.35,94.47442213242266,0.05971239450179151,90.7982280299548
125.4,94.43845102487444,0.06619580171769204,90.7056385401139
125.45,94.42217882037515,0.06463030108258934,90.71824364771285
125.5,94.42172561555748,0.057794754566928334,90.80903358934022
125.55,94.43326324178175,0.04700198442235994,90.97266303154514
125.6,94.45316827567501,0.03554435171300546,91.13140102502999
125.65,94.45721495711469,0.02887360114144729,91.27037533624251
125.7,94.45180368587734,0.02708137842952913,91.35785892855412
125.75,94.44579473128552,0.03004359278211137,91.38031748961635
125.8,94.44366219821839,0.03577985138584203,91.35686810763806
125.85,94.44519680705761,0.04195773300253399,91.31069531370818
125.9,94.44860191021316,0.047006117369823124,91.25813059622462
125.95,94.43713776751179,0.05317175322255066,91.16242753321863
126.0,94.43152294634329,0.06327321304459203,90.94220808022258
126.05,94.44416189629585,0.06968554683590057,90.77063291858882
126.1,94.45776893919728,0.07102220893233908,90.66387384610404
126.15,94.46782243213359,0.06748514228989119,90.62355706776944
126.2,94.47360981095572,0.06109826075305765,90.63249543796191
126.25,94.47360981095572,0.06109826075305765,90.63249543796191
126.3,94.476398118929,0.052659619829384066,90.68079282336612
126.35,94.47669147151512,0.04677917791410781,90.73301111905522
126.4,94.47777238136564,0.04263870575056125,90.78491606800706
126.45,94.48405966388643,0.040019729177002174,90.84688485446367
126.5,94.4940759196426,0.03793025610831865,90.92018266978546
126.55,94.50037422936305,0.0365630657610493,90.9948104619146
126.6,94.50180318681798,0.035392901302374845,91.07736747487378
126.65,94.5011045615775,0.03381960447997126,91.17075569311282
126.7,94.48640747248776,0.03496820014093401,91.23752662295782
126.75,94.47021739546577,0.03893824365266922,91.26440606254312
126.8,94.46212626545532,0.04424364345237277,91.25775387087705
126.85,94.46139737324181,0.04963348516502681,91.2290330605555
126.9,94.46472450556371,0.05422288972866226,91.19001354290437
126.95,94.47028912372929,0.05801527902614427,91.1430893047022
127.0,94.46077072673498,0.061255709804825906,91.09767875697534
127.05,94.43871500142244,0.06416844424155094,91.07053564246263
127.1,94.4492143886203,0.06062097199411709,91.08847497119991
127.15,94.46825847318583,0.05489093887544877,91.10827875477152
127.2,94.48146465348239,0.05027318605743943,91.11319057997704
127.25,94.48702198160183,0.04757750282467863,91.10434761424051
127.3,94.487158024573,0.04644035493417058,91.08768590815535
127.35,94.48443967739291,0.04621823118117906,91.06880129948503
127.4,94.48074485953926,0.04638127214502682,91.05139357356909
127.45,94.47990279719325,0.04632705210033213,91.03693733025476
127.5,94.48280841613882,0.04559066647548727,91.03797285976314
127.55,94.48567892454336,0.04417931050600767,91.05849968962028
127.6,94.48838118721089,0.04243433754822501,91.09164032293376
127.65,94.49417733205607,0.04102823740751564,91.12224487194878
127.7,94.48885433119904,0.041890372121768715,91.14482578944379
127.75,94.47222648548833,0.04531668719629381,91.14517858019552
127.8,94.4598012485474,0.04953513315366606,91.12928194418055
127.85,94.45554679983249,0.05320123571791792,91.10688596250296
127.9,94.45712182311915,0.05569771459641127,91.08449435390597
127.95,94.46137314553359,0.05697823678493718,91.06466845021846
128.0,94.46625894964039,0.05732036918732467,91.0465200801761
128.05,94.45201096633255,0.06037284080599959,90.97523240811853
128.1,94.4461431852522,0.06623267150866805,90.82320863722029
128.15,94.45601318539055,0.07131410520786477,90.67630772114731
128.2,94.46947229323138,0.07252938658349092,90.58257807269054
128.25,94.48025652141605,0.06959648379645961,90.54765615851164
128.3,94.48695814526887,0.06410675561654956,90.55750717717582
128.35,94.49034929449302,0.057971296406618106,90.59417159951361
128.4,94.49167053288426,0.05261226513895069,90.64251639022358
128.45,94.49300250050602,0.048731129155698605,90.69213224065962
128.5,94.49815843965902,0.04649965950900752,90.74271487791302
128.55,94.50778290921976,0.04510423453161335,90.80585829911709
128.6,94.51599448511615,0.04409171236659577,90.87476613615095
128.65,94.52018536004601,0.04318706229319333,90.95181480323635
128.7,94.52312751795483,0.041638891710541893,91.04098320233413
128.75,94.51260811222312,0.04219461827985623,91.11347639421857
128.8,94.49496203815534,0.04575788652119571,91.1485536517838
128.85,94.48388043900245,0.050799162237970895,91.15015786066112
128.9,94.48078948283492,0.05603871362859996,91.12833374016563
128.95,94.48274027623074,0.060585892720540165,91.094233212894
129.0,94.48676332290718,0.06394351564323497,91.05731639847355
129.05,94.4899235900889,0.06604464923999934,91.0241827426975
129.1,94.46233562693516,0.07010067976160254,90.97989949541838
129.15,94.45672716431231,0.06892728129955296,90.98856720048707
129.2,94.47382195807931,0.0630496471442208,91.01877152284749
129.25,94.4904403534942,0.05728003451563531,91.03661655815799
129.3,94.49972091573396,0.0535487640759824,91.03626152323078
129.35,94.50246003003376,0.051861082423330554,91.02271126365223
129.4,94.50119314770413,0.0515351173108501,91.00280504952462
129.45,94.49810754037058,0.05186959852622635,90.98199599869406
129.5,94.4958035401618,0.05228847472592316,90.96179098018946
129.55,94.49779770871662,0.05233918747729361,90.94634135636943
129.6,94.50119424886752,0.05176534242244014,90.95105501083846
129.65,94.5038493464308,0.05047619128741165,90.97689136035108
129.7,94.51001977509482,0.04878348577758371,91.0092226340168
129.75,94.51371691123333,0.04849543001253824,91.03324828608514
129.8,94.50103014713501,0.051195602471394465,91.04026653446797
129.85,94.48533694913687,0.05539024112387757,91.02871823990219
129.9,94.47668494975011,0.059363785469997814,91.00859029345212
129.95,94.47520372168482,0.062204982294157,90.98772835285077
130.0,94.47790054185366,0.06372177113578231,90.96965510583408
130.05,94.48213818240002,0.06415307827036877,90.95439297523468
130.1,94.4803982108788,0.06476135068667231,90.92743217247683
130.15,94.4621201525344,0.06942244599932439,90.81092885753529
130.2,94.4649984289068,0.07472080581822857,90.66087899784696
130.25,94.47777712187984,0.07757290795877637,90.54496278052348
130.3,94.49002563890596,0.07628285548985181,90.48659284208479
130.35,94.49869158670845,0.0717891838008317,90.47835406361703
130.4,94.50372914522971,0.0659340897487723,90.50344674411262
130.45,94.50617486190775,0.06034216145422819,90.54567930952716
130.5,94.50743240050654,0.05599333170692566,90.59305856177636
130.55,94.49688498807117,0.06259067605715753,90.62913817818865
130.6,93.80699434705053,0.5008207309371344,90.22873391735367
130.65,92.99881563298563,0.987115733998012,89.92309041754379
130.7,92.4207475984319,1.0536853487258355,90.23464204790122
130.75,94.36258553419643,-0.9710811742738781,92.85837246345814
130.8,95.52580267944879,-2.7121884557568454,94.1262714227044
130.85,95.40197800326615,-1.0787897050531048,92.4385812681776
130.9,95.6227788261867,-0.29694764344610897,91.8114132850488
130.95,95.52470915917633,0.008500385985132704,91.56131514106754
131.0,95.23213522453419,0.09850669465983744,91.61486817450259
131.05,94.90024958226765,0.10147979343009557,91.78939442366533
131.1,94.63698568215784,0.08356351859987218,91.94996343797355
131.15,94.47256213616097,0.06383292199304824,92.0352355867396
131.2,94.37709244027108,0.06039976763407137,91.94088132069975
131.25,94.3271612057512,0.06647465480941218,91.766112793192
131.3,94.31050957103616,0.0736051026499645,91.62007634568067
131.35,94.31861986182358,0.07741213329087582,91.53563314317874
131.4,94.37140945225521,0.0745365892509795,91.51121302660599
131.45,94.89293708451893,0.042889324419821406,91.7338266669341
131.5,95.7719023954968,-0.02015351284532055,92.33911873149073
131.55,96.66964278966299,-0.09933383301299756,92.44579398666411
131.6,94.06629837959495,0.10108708658398871,90.74925839063933
131.65,92.69149456865782,0.05863676130238558,89.73606709508938
131.7,92.73615960494543,0.01907816958399832,89.45480452035017
131.75,93.11876040599961,0.004539061658797879,89.50154049887999
131.8,93.50703762566926,-0.0048182685104704685,89.68557125691808
131.85,93.8117863581753,-0.0131990941008017,89.89082436503773
131.9,94.03015625272859,-0.018973798914679756,90.0642049824111
131.95,94.17775957917038,-0.020699713240258426,90.18613532017815
132.0,94.27307909195781,-0.018627789550677905,90.2596921749444
132.05,94.33250584653405,-0.01411262114025756,90.29687674308988
132.1,94.36837243998744,-0.00864066956914652,90.310424787362
132.15,94.38948744040829,-0.0033428357910794586,90.31050277086763
132.2,94.40161278500442,0.0011875262130630459,90.30366589373537
132.25,94.40823249610854,0.0047435211151928966,90.29433299718147
132.3,94.41164461399651,0.007322306986340637,90.28524204763023
132.35,94.41326028050064,0.009055698902165756,90.27766096116346
132.4,94.4139089607495,0.010133049982137866,90.27193395284172
132.45,94.41406538033429,0.010743963801354955,90.26792933638542
132.5,94.41399275731149,0.011048840226957742,90.26532118350174
132.55,94.41383120256182,0.011169231932274624,90.2637470954629
132.6,94.41365347218928,0.011188924849811467,90.26288742656703
132.65,94.41349044214971,0.011161946294720755,90.26248829365888
132.7,94.4133487991696,0.011121459587626321,90.26235696462206
132.75,94.41323548315252,0.011082985624381784,90.26237026609604
132.8,94.41314547552723,0.011053439471311436,90.26244991809975
132.85,94.4130760471684,0.011034027597107168,90.2625516331359
132.9,94.41302429457937,0.011023423914421968,90.26265088561975
132.95,94.41298631032085,0.011019525259859171,90.26273607289394
133.0,94.4129585809929,0.011020172802385701,90.26280371112296
133.05,94.41293835423595,0.01102352196219717,90.26285460356155
133.1,94.41292378267907,0.011028197251461081,90.26289130487515
133.15,94.41291311609257,0.01103321638566043,90.26291699742563
133.2,94.41290518500286,0.011037977376355514,90.26293455451312
133.25,94.41289891191104,0.01104223842344337,90.2629457712531
133.3,94.41289467533474,0.011045822315602456,90.26295322919432
133.35,94.41289179701667,0.011048697528732627,90.2629582961438
133.4,94.41288961332225,0.011050954676472657,90.26296162704104
133.45,94.4128879301968,0.011052695648930516,90.26296378052729
133.5,94.41288665205222,0.01105401801179836,90.26296516907948
133.55,94.41288570176611,0.011055008633614954,90.26296607745634
133.6,94.41288500930419,0.011055741649526815,90.26296669215911
133.65,94.41288451552106,0.011056277661203763,90.26296712974153
133.7,94.4128841685381,0.011056666001390714,90.2629674606097
