time,target_x_base,actual_x_base,target_y_base,actual_y_base,target_z_base,actual_z_base,target_roll_world_rad,actual_roll_world_rad,target_pitch_world_rad,actual_pitch_world_rad,target_yaw_world_rad,actual_yaw_world_rad
3.450000000,-0.295150000,0.060772883,-0.112350000,-0.139540508,0.480900000,-0.367273666,-1.570796331,1.578586269,0.000000000,0.740017198,1.570796328,-0.665222032
3.500000000,-0.295150000,0.063634683,-0.112350000,-0.140509969,0.480900000,-0.367567283,-1.570796331,1.584630950,0.000000000,0.799932896,1.570796328,-0.604327513
3.550000000,-0.295150000,0.089368006,-0.112350000,-0.142766187,0.480900000,-0.367991008,-1.570796331,1.773462308,0.000000000,1.028020623,1.570796328,-0.061047772
3.600000000,-0.295150000,0.169696535,-0.112350000,-0.094523555,0.480900000,-0.368326537,-1.570796331,2.031791658,0.000000000,1.024575575,1.570796328,0.677329156
3.650000000,-0.295150000,0.281841629,-0.112350000,0.042339787,0.480900000,-0.319304777,-1.570796331,1.756651513,0.000000000,0.373499297,1.570796328,0.867820377
3.700000000,-0.295150000,0.331753643,-0.112350000,0.174143398,0.480900000,-0.207052670,-1.570796331,1.440737294,0.000000000,-0.448195699,1.570796328,1.066290753
3.750000000,-0.295150000,0.340931096,-0.112350000,0.218483014,0.480900000,-0.083493654,-1.570796331,0.748658985,0.000000000,-1.148162720,1.570796328,1.511277093
3.800000000,-0.295150000,0.342659695,-0.112350000,0.183523434,0.480900000,0.006795419,-1.570796331,-1.385388864,0.000000000,-0.913774851,1.570796328,-3.081546303
3.850000000,-0.295150000,0.346762746,-0.112350000,0.130618290,0.480900000,0.059570224,-1.570796331,-1.930117742,0.000000000,-0.236048545,1.570796328,3.064188611
3.900000000,-0.295150000,0.359294459,-0.112350000,0.084226859,0.480900000,0.119468364,-1.570796331,-2.295006422,0.000000000,0.180549416,1.570796328,2.637462348
3.950000000,-0.295150000,0.358059642,-0.112350000,0.029353644,0.480900000,0.191525929,-1.570796331,-2.651617539,0.000000000,0.377517331,1.570796328,2.092924929
4.000000000,-0.295150000,0.334652526,-0.112350000,-0.024236067,0.480900000,0.256220139,-1.570796331,-3.043284753,0.000000000,0.351242082,1.570796328,1.526760267
4.050000000,-0.295150000,0.298850759,-0.112350000,-0.064702302,0.480900000,0.305404570,-1.570796331,2.912008168,0.000000000,0.102530051,1.570796328,1.159258990
4.100000000,-0.295150000,0.263502059,-0.112350000,-0.089721153,0.480900000,0.344488733,-1.570796331,2.595607396,0.000000000,-0.238109609,1.570796328,1.071656897
4.150000000,-0.295150000,0.233519795,-0.112350000,-0.103132463,0.480900000,0.386344463,-1.570796331,2.104804438,0.000000000,-0.502858169,1.570796328,1.277303978
4.200000000,-0.295150000,0.198019361,-0.112350000,-0.109668978,0.480900000,0.442959505,-1.570796331,1.398992078,0.000000000,-0.496590493,1.570796328,1.658127074
4.250000000,-0.295150000,0.136480746,-0.112350000,-0.111870261,0.480900000,0.504435763,-1.570796331,0.770174284,0.000000000,-0.265545418,1.570796328,1.849423617
4.300000000,-0.295150000,0.052437366,-0.112350000,-0.111447334,0.480900000,0.551888163,-1.570796331,0.243675759,0.000000000,-0.050010509,1.570796328,1.835620685
4.350000000,-0.295150000,-0.037736436,-0.112350000,-0.110485218,0.480900000,0.573996480,-1.570796331,-0.224931515,0.000000000,0.061513518,1.570796328,1.746460463
4.400000000,-0.295150000,-0.116680638,-0.112350000,-0.110091944,0.480900000,0.572561967,-1.570796331,-0.614011713,0.000000000,0.089440660,1.570796328,1.662428459
4.450000000,-0.295150000,-0.176948646,-0.112350000,-0.110276770,0.480900000,0.558164250,-1.570796331,-0.915454700,0.000000000,0.078485986,1.570796328,1.609010408
4.500000000,-0.295150000,-0.219331566,-0.112350000,-0.110733649,0.480900000,0.540021370,-1.570796331,-1.139499933,0.000000000,0.057718333,1.570796328,1.581812661
4.550000000,-0.295150000,-0.247805217,-0.112350000,-0.111222632,0.480900000,0.523225621,-1.570796331,-1.301765827,0.000000000,0.039048611,1.570796328,1.570281736
4.600000000,-0.295150000,-0.266488406,-0.112350000,-0.111631604,0.480900000,0.509682869,-1.570796331,-1.416912336,0.000000000,0.025335858,1.570796328,1.566500970
4.650000000,-0.295150000,-0.278609521,-0.112350000,-0.111932778,0.480900000,0.499585496,-1.570796331,-1.497120152,0.000000000,0.016113541,1.570796328,1.566010153
4.700000000,-0.295150000,-0.286430851,-0.112350000,-0.112136753,0.480900000,0.492425674,-1.570796331,-1.552020994,0.000000000,0.010169104,1.570796328,1.566654518
4.750000000,-0.295150000,-0.291460943,-0.112350000,-0.112265816,0.480900000,0.487524383,-1.570796331,-1.588978645,0.000000000,0.006412689,1.570796328,1.567516107
4.800000000,-0.295150000,-0.294685404,-0.112350000,-0.112342057,0.480900000,0.484257226,-1.570796331,-1.613462558,0.000000000,0.004056917,1.570796328,1.568263733
4.850000000,-0.295150000,-0.296743938,-0.112350000,-0.112383360,0.480900000,0.482125684,-1.570796331,-1.629431901,0.000000000,0.002580902,1.570796328,1.568817736
4.900000000,-0.295150000,-0.298051279,-0.112350000,-0.112402831,0.480900000,0.480760524,-1.570796331,-1.639687524,0.000000000,0.001653736,1.570796328,1.569193034
4.950000000,-0.295150000,-0.298876295,-0.112350000,-0.112409479,0.480900000,0.479900836,-1.570796331,-1.646170489,0.000000000,0.001068944,1.570796328,1.569431248
5.000000000,-0.295150000,-0.299393108,-0.112350000,-0.112409188,0.480900000,0.479368199,-1.570796331,-1.650201138,0.000000000,0.000698463,1.570796328,1.569574177
5.050000000,-0.295150000,-0.299714169,-0.112350000,-0.112405611,0.480900000,0.479043600,-1.570796331,-1.652662281,0.000000000,0.000462811,1.570796328,1.569655322
5.100000000,-0.295150000,-0.299911782,-0.112350000,-0.112400890,0.480900000,0.478849236,-1.570796331,-1.654134699,0.000000000,0.000312447,1.570796328,1.569698745
5.150000000,-0.295150000,-0.300032165,-0.112350000,-0.112396185,0.480900000,0.478735123,-1.570796331,-1.654994556,0.000000000,0.000216301,1.570796328,1.569720509
5.200000000,-0.295150000,-0.300104657,-0.112350000,-0.112392048,0.480900000,0.478669657,-1.570796331,-1.655481745,0.000000000,0.000154761,1.570796328,1.569730696
5.250000000,-0.295150000,-0.300147738,-0.112350000,-0.112388675,0.480900000,0.478633159,-1.570796331,-1.655746854,0.000000000,0.000115369,1.570796328,1.569735261
5.300000000,-0.295150000,-0.300172950,-0.112350000,-0.112386067,0.480900000,0.478613566,-1.570796331,-1.655882839,0.000000000,0.000090166,1.570796328,1.569737479
5.350000000,-0.295150000,-0.300187434,-0.112350000,-0.112384133,0.480900000,0.478603602,-1.570796331,-1.655946043,0.000000000,0.000074053,1.570796328,1.569738982
5.400000000,-0.295150000,-0.300195564,-0.112350000,-0.112382750,0.480900000,0.478598958,-1.570796331,-1.655969904,0.000000000,0.000063751,1.570796328,1.569740465
5.450000000,-0.295150000,-0.300199991,-0.112350000,-0.112381791,0.480900000,0.478597136,-1.570796331,-1.655973776,0.000000000,0.000057154,1.570796328,1.569742125
5.500000000,-0.295150000,-0.300202300,-0.112350000,-0.112381147,0.480900000,0.478596722,-1.570796331,-1.655968508,0.000000000,0.000052914,1.570796328,1.569743934
5.550000000,-0.295150000,-0.300203428,-0.112350000,-0.112380727,0.480900000,0.478596945,-1.570796331,-1.655959923,0.000000000,0.000050165,1.570796328,1.569745784
5.600000000,-0.295150000,-0.300203917,-0.112350000,-0.112380462,0.480900000,0.478597398,-1.570796331,-1.655950947,0.000000000,0.000048362,1.570796328,1.569747563
5.650000000,-0.295150000,-0.300204078,-0.112350000,-0.112380301,0.480900000,0.478597886,-1.570796331,-1.655942895,0.000000000,0.000047156,1.570796328,1.569749186
5.700000000,-0.295150000,-0.300204080,-0.112350000,-0.112380207,0.480900000,0.478598320,-1.570796331,-1.655936222,0.000000000,0.000046332,1.570796328,1.569750602
5.750000000,-0.295150000,-0.300204016,-0.112350000,-0.112380154,0.480900000,0.478598675,-1.570796331,-1.655930955,0.000000000,0.000045753,1.570796328,1.569751793
5.800000000,-0.295150000,-0.300203932,-0.112350000,-0.112380126,0.480900000,0.478598948,-1.570796331,-1.655926935,0.000000000,0.000045335,1.570796328,1.569752762
5.850000000,-0.295150000,-0.300203851,-0.112350000,-0.112380113,0.480900000,0.478599150,-1.570796331,-1.655923940,0.000000000,0.000045026,1.570796328,1.569753530
5.900000000,-0.295150000,-0.299043833,-0.112350000,-0.112774793,0.480900000,0.478630922,-1.570796331,-1.657035032,0.000000000,-0.000065846,1.570796328,1.565509241
5.950000000,-0.295150000,-0.293205408,-0.112350000,-0.115143437,0.480900000,0.478041396,-1.570796331,-1.662004064,0.000000000,-0.000382177,1.570796328,1.557215861
6.000000000,-0.295150000,-0.286945284,-0.112350000,-0.116780083,0.480900000,0.477610302,-1.570796331,-1.666001017,0.000000000,-0.000352364,1.570796328,1.547841741
6.050000000,-0.295150000,-0.282247568,-0.112350000,-0.117540201,0.480900000,0.477421539,-1.570796331,-1.668199775,0.000000000,0.000120575,1.570796328,1.537927681
6.100000000,-0.295150000,-0.279783376,-0.112350000,-0.117288243,0.480900000,0.477473842,-1.570796331,-1.668815149,0.000000000,0.000912815,1.570796328,1.529669590
6.150000000,-0.295150000,-0.279731969,-0.112350000,-0.115933404,0.480900000,0.477705034,-1.570796331,-1.668098603,0.000000000,0.001746191,1.570796328,1.522371356
6.200000000,-0.295150000,-0.281757523,-0.112350000,-0.114287371,0.480900000,0.478026729,-1.570796331,-1.666326230,0.000000000,0.002535917,1.570796328,1.518486499
6.250000000,-0.295150000,-0.284418641,-0.112350000,-0.112830787,0.480900000,0.478289520,-1.570796331,-1.664672576,0.000000000,0.003117189,1.570796328,1.517362190
6.300000000,-0.295150000,-0.286980404,-0.112350000,-0.111877937,0.480900000,0.478457362,-1.570796331,-1.663389151,0.000000000,0.003510018,1.570796328,1.519116904
6.350000000,-0.295150000,-0.289226619,-0.112350000,-0.111389281,0.480900000,0.478549044,-1.570796331,-1.662371926,0.000000000,0.003758371,1.570796328,1.523264562
6.400000000,-0.295150000,-0.291124397,-0.112350000,-0.111234376,0.480900000,0.478591639,-1.570796331,-1.661510822,0.000000000,0.003880743,1.570796328,1.528959827
6.450000000,-0.295150000,-0.292701900,-0.112350000,-0.111286328,0.480900000,0.478606857,-1.570796331,-1.660742511,0.000000000,0.003882147,1.570796328,1.535361132
6.500000000,-0.295150000,-0.293954773,-0.112350000,-0.111438773,0.480900000,0.478604753,-1.570796331,-1.660096931,0.000000000,0.003760769,1.570796328,1.541711074
6.550000000,-0.295150000,-0.294869651,-0.112350000,-0.111642630,0.480900000,0.478592076,-1.570796331,-1.659595521,0.000000000,0.003527235,1.570796328,1.547438780
6.600000000,-0.295150000,-0.295641508,-0.112350000,-0.111850061,0.480900000,0.478585825,-1.570796331,-1.659070736,0.000000000,0.003230360,1.570796328,1.552552384
6.650000000,-0.295150000,-0.296336728,-0.112350000,-0.112037621,0.480900000,0.478587176,-1.570796331,-1.658524563,0.000000000,0.002898351,1.570796328,1.556947627
6.700000000,-0.295150000,-0.296918749,-0.112350000,-0.112216698,0.480900000,0.478589904,-1.570796331,-1.658039182,0.000000000,0.002548878,1.570796328,1.560561395
6.750000000,-0.295150000,-0.297480799,-0.112350000,-0.112350564,0.480900000,0.478599164,-1.570796331,-1.657540592,0.000000000,0.002211266,1.570796328,1.563507599
6.800000000,-0.295150000,-0.298016348,-0.112350000,-0.112459528,0.480900000,0.478611185,-1.570796331,-1.657068064,0.000000000,0.001896536,1.570796328,1.565834442
6.850000000,-0.295150000,-0.298476231,-0.112350000,-0.112537997,0.480900000,0.478620983,-1.570796331,-1.656677232,0.000000000,0.001607129,1.570796328,1.567581590
6.900000000,-0.295150000,-0.298853962,-0.112350000,-0.112575484,0.480900000,0.478627988,-1.570796331,-1.656368571,0.000000000,0.001344739,1.570796328,1.568798672
6.950000000,-0.295150000,-0.299155604,-0.112350000,-0.112580582,0.480900000,0.478632777,-1.570796331,-1.656128812,0.000000000,0.001111922,1.570796328,1.569596163
7.000000000,-0.295150000,-0.299392097,-0.112350000,-0.112565524,0.480900000,0.478636125,-1.570796331,-1.655942299,0.000000000,0.000911017,1.570796328,1.570097227
7.050000000,-0.295150000,-0.299570794,-0.112350000,-0.112540312,0.480900000,0.478638247,-1.570796331,-1.655800914,0.000000000,0.000742122,1.570796328,1.570414995
7.100000000,-0.295150000,-0.299695452,-0.112350000,-0.112509504,0.480900000,0.478639055,-1.570796331,-1.655700691,0.000000000,0.000602611,1.570796328,1.570610423
7.150000000,-0.295150000,-0.299792297,-0.112350000,-0.112479989,0.480900000,0.478640327,-1.570796331,-1.655614179,0.000000000,0.000491670,1.570796328,1.570766276
7.200000000,-0.295150000,-0.299871911,-0.112350000,-0.112456556,0.480900000,0.478642234,-1.570796331,-1.655535465,0.000000000,0.000405693,1.570796328,1.570921109
7.250000000,-0.295150000,-0.299938088,-0.112350000,-0.112440231,0.480900000,0.478644474,-1.570796331,-1.655465024,0.000000000,0.000339848,1.570796328,1.571084475
7.300000000,-0.295150000,-0.299992667,-0.112350000,-0.112430072,0.480900000,0.478646751,-1.570796331,-1.655403719,0.000000000,0.000289315,1.570796328,1.571252412
7.350000000,-0.295150000,-0.300038096,-0.112350000,-0.112424583,0.480900000,0.478648968,-1.570796331,-1.655350321,0.000000000,0.000250086,1.570796328,1.571418000
7.400000000,-0.295150000,-0.303233349,-0.112350000,-0.113556569,0.480900000,0.474366895,-1.570796331,-1.654241470,0.000000000,0.014381335,1.570796328,1.604288093
7.450000000,-0.295150000,-0.308185844,-0.112350000,-0.111069370,0.480900000,0.472779757,-1.570796331,-1.654077562,0.000000000,0.023606833,1.570796328,1.629512911
7.500000000,-0.295150000,-0.312225681,-0.112350000,-0.108436105,0.480900000,0.473313520,-1.570796331,-1.649250438,0.000000000,0.027029006,1.570796328,1.631770710
7.550000000,-0.295150000,-0.308180831,-0.112350000,-0.109960307,0.480900000,0.477881915,-1.570796331,-1.646900132,0.000000000,0.019746144,1.570796328,1.628451975
7.600000000,-0.295150000,-0.307606185,-0.112350000,-0.107127919,0.480900000,0.480208334,-1.570796331,-1.645796066,0.000000000,0.010186472,1.570796328,1.607020322
7.650000000,-0.295150000,-0.297495085,-0.112350000,-0.108713767,0.480900000,0.487320977,-1.570796331,-1.652327700,0.000000000,0.011733811,1.570796328,1.590455163
7.700000000,-0.295150000,-0.298760478,-0.112350000,-0.114670609,0.480900000,0.479795051,-1.570796331,-1.643636536,0.000000000,-0.000687578,1.570796328,1.609839775
7.750000000,-0.295150000,-0.301221993,-0.112350000,-0.115407201,0.480900000,0.477415323,-1.570796331,-1.650032628,0.000000000,0.001643867,1.570796328,1.612059764
7.800000000,-0.295150000,-0.300221053,-0.112350000,-0.114331132,0.480900000,0.477992992,-1.570796331,-1.632582965,0.000000000,-0.010545251,1.570796328,1.596047949
7.850000000,-0.295150000,-0.309121598,-0.112350000,-0.106940219,0.480900000,0.474231941,-1.570796331,-1.629995559,0.000000000,-0.016870429,1.570796328,1.558629800
7.900000000,-0.295150000,-0.302566741,-0.112350000,-0.110029021,0.480900000,0.475500806,-1.570796331,-1.628173190,0.000000000,-0.022247733,1.570796328,1.535625731
7.950000000,-0.295150000,-0.298917185,-0.112350000,-0.113391306,0.480900000,0.476460825,-1.570796331,-1.631576213,0.000000000,-0.024090575,1.570796328,1.536017811
8.000000000,-0.295150000,-0.292858025,-0.112350000,-0.112210125,0.480900000,0.480996997,-1.570796331,-1.639284004,0.000000000,-0.020023492,1.570796328,1.529938566
8.050000000,-0.295150000,-0.288562496,-0.112350000,-0.109429456,0.480900000,0.483608615,-1.570796331,-1.638651226,0.000000000,-0.015347623,1.570796328,1.519337908
8.100000000,-0.295150000,-0.293345538,-0.112350000,-0.109544435,0.480900000,0.477416091,-1.570796331,-1.643971092,0.000000000,-0.001364624,1.570796328,1.529547492
8.150000000,-0.295150000,-0.295216561,-0.112350000,-0.112010088,0.480900000,0.474530250,-1.570796331,-1.656837889,0.000000000,0.007980285,1.570796328,1.566405707
8.200000000,-0.295150000,-0.289583722,-0.112350000,-0.108775989,0.480900000,0.482237945,-1.570796331,-1.678435088,0.000000000,0.011839895,1.570796328,1.562787469
8.250000000,-0.295150000,-0.278940057,-0.112350000,-0.105301001,0.480900000,0.492689411,-1.570796331,-1.684447434,0.000000000,0.014058561,1.570796328,1.539654584
8.300000000,-0.295150000,-0.281798690,-0.112350000,-0.103632733,0.480900000,0.491464502,-1.570796331,-1.689228677,0.000000000,0.008205226,1.570796328,1.529905768
8.350000000,-0.295150000,-0.301345734,-0.112350000,-0.099871417,0.480900000,0.475839798,-1.570796331,-1.670566036,0.000000000,-0.001448223,1.570796328,1.525975277
8.400000000,-0.295150000,-0.309950164,-0.112350000,-0.104318035,0.480900000,0.466693696,-1.570796331,-1.672665034,0.000000000,0.000842762,1.570796328,1.536261389
8.450000000,-0.295150000,-0.306456844,-0.112350000,-0.108283430,0.480900000,0.469239342,-1.570796331,-1.666711256,0.000000000,-0.002314781,1.570796328,1.558006773
8.500000000,-0.295150000,-0.303448188,-0.112350000,-0.109748294,0.480900000,0.475171849,-1.570796331,-1.660090981,0.000000000,0.002252118,1.570796328,1.577261284
8.550000000,-0.295150000,-0.301711505,-0.112350000,-0.109529340,0.480900000,0.476605754,-1.570796331,-1.666520709,0.000000000,-0.005817944,1.570796328,1.578920420
8.600000000,-0.295150000,-0.292446199,-0.112350000,-0.108217909,0.480900000,0.485196008,-1.570796331,-1.667974302,0.000000000,-0.014395340,1.570796328,1.558866741
8.650000000,-0.295150000,-0.290247888,-0.112350000,-0.113553244,0.480900000,0.483261877,-1.570796331,-1.674408739,0.000000000,-0.004468188,1.570796328,1.575805029
8.700000000,-0.295150000,-0.291992665,-0.112350000,-0.119821919,0.480900000,0.480379998,-1.570796331,-1.681893115,0.000000000,0.000941411,1.570796328,1.615160742
8.750000000,-0.295150000,-0.305700114,-0.112350000,-0.116754382,0.480900000,0.475352286,-1.570796331,-1.671334640,0.000000000,0.001993832,1.570796328,1.613286520
8.800000000,-0.295150000,-0.300924548,-0.112350000,-0.115095758,0.480900000,0.479320826,-1.570796331,-1.681181061,0.000000000,-0.002283152,1.570796328,1.580351044
8.850000000,-0.295150000,-0.291008395,-0.112350000,-0.117588122,0.480900000,0.484412058,-1.570796331,-1.671020292,0.000000000,0.004481484,1.570796328,1.575023858
8.900000000,-0.295150000,-0.306312229,-0.112350000,-0.114997588,0.480900000,0.471228193,-1.570796331,-1.657147259,0.000000000,0.004173626,1.570796328,1.594036374
8.950000000,-0.295150000,-0.319536588,-0.112350000,-0.106595610,0.480900000,0.466404929,-1.570796331,-1.636274151,0.000000000,0.001321117,1.570796328,1.579293049
9.000000000,-0.295150000,-0.314786909,-0.112350000,-0.106149917,0.480900000,0.469573134,-1.570796331,-1.630238243,0.000000000,0.008752528,1.570796328,1.558002588
9.050000000,-0.295150000,-0.301412001,-0.112350000,-0.111227060,0.480900000,0.476332585,-1.570796331,-1.642629877,0.000000000,0.002314912,1.570796328,1.556100512
9.100000000,-0.295150000,-0.288289406,-0.112350000,-0.106557824,0.480900000,0.484149781,-1.570796331,-1.634020987,0.000000000,-0.004749443,1.570796328,1.515304790
9.150000000,-0.295150000,-0.290175381,-0.112350000,-0.108223052,0.480900000,0.481197961,-1.570796331,-1.636932136,0.000000000,-0.003143349,1.570796328,1.510288987
9.200000000,-0.295150000,-0.292447978,-0.112350000,-0.111509801,0.480900000,0.480708995,-1.570796331,-1.648470114,0.000000000,-0.004098320,1.570796328,1.521089031
9.250000000,-0.295150000,-0.292399435,-0.112350000,-0.112540905,0.480900000,0.483965936,-1.570796331,-1.660848243,0.000000000,-0.003428862,1.570796328,1.523146996
9.300000000,-0.295150000,-0.296895767,-0.112350000,-0.110977628,0.480900000,0.478916672,-1.570796331,-1.656746232,0.000000000,-0.000590990,1.570796328,1.528027447
9.350000000,-0.295150000,-0.303953044,-0.112350000,-0.106526933,0.480900000,0.475623439,-1.570796331,-1.654435186,0.000000000,-0.002433580,1.570796328,1.527267182
9.400000000,-0.295150000,-0.302560111,-0.112350000,-0.104503807,0.480900000,0.476744462,-1.570796331,-1.662646836,0.000000000,-0.001445830,1.570796328,1.525486000
9.450000000,-0.295150000,-0.299905991,-0.112350000,-0.105966822,0.480900000,0.479426172,-1.570796331,-1.659845030,0.000000000,-0.000932698,1.570796328,1.537061139
9.500000000,-0.295150000,-0.302689577,-0.112350000,-0.104837882,0.480900000,0.475278013,-1.570796331,-1.652198947,0.000000000,-0.006398270,1.570796328,1.543299716
9.550000000,-0.295150000,-0.302137451,-0.112350000,-0.105679193,0.480900000,0.476426178,-1.570796331,-1.655238731,0.000000000,-0.009025960,1.570796328,1.558136209
9.600000000,-0.295150000,-0.300893514,-0.112350000,-0.106275353,0.480900000,0.481510272,-1.570796331,-1.649822690,0.000000000,0.003055256,1.570796328,1.583659801
9.650000000,-0.295150000,-0.299616115,-0.112350000,-0.114451041,0.480900000,0.480849387,-1.570796331,-1.678214389,0.000000000,0.012508997,1.570796328,1.642565757
9.700000000,-0.295150000,-0.288727450,-0.112350000,-0.118719079,0.480900000,0.485354700,-1.570796331,-1.673151602,0.000000000,0.018475055,1.570796328,1.675853190
9.750000000,-0.295150000,-0.299597723,-0.112350000,-0.110996634,0.480900000,0.480413645,-1.570796331,-1.667245448,0.000000000,0.019240187,1.570796328,1.663366254
9.800000000,-0.295150000,-0.296560242,-0.112350000,-0.108361122,0.480900000,0.482001641,-1.570796331,-1.673614191,0.000000000,0.005684835,1.570796328,1.621978038
9.850000000,-0.295150000,-0.294556104,-0.112350000,-0.106801581,0.480900000,0.485015811,-1.570796331,-1.675173591,0.000000000,-0.004788204,1.570796328,1.594891354
9.900000000,-0.295150000,-0.302784385,-0.112350000,-0.109159375,0.480900000,0.474537228,-1.570796331,-1.655549540,0.000000000,-0.008456715,1.570796328,1.619503297
9.950000000,-0.295150000,-0.312679969,-0.112350000,-0.115719916,0.480900000,0.466386732,-1.570796331,-1.669185952,0.000000000,0.000764973,1.570796328,1.648344070
10.000000000,-0.295150000,-0.312730915,-0.112350000,-0.114598188,0.480900000,0.468425770,-1.570796331,-1.646637660,0.000000000,-0.002346679,1.570796328,1.649656940
10.050000000,-0.295150000,-0.316352273,-0.112350000,-0.107700684,0.480900000,0.470419422,-1.570796331,-1.635308122,0.000000000,-0.007550990,1.570796328,1.622445529
10.100000000,-0.295150000,-0.309270104,-0.112350000,-0.107153576,0.480900000,0.474715719,-1.570796331,-1.635450982,0.000000000,-0.009822685,1.570796328,1.593490361
10.150000000,-0.295150000,-0.304169154,-0.112350000,-0.110217949,0.480900000,0.477617650,-1.570796331,-1.632045888,0.000000000,-0.009996697,1.570796328,1.586436683
10.200000000,-0.295150000,-0.297057043,-0.112350000,-0.109339932,0.480900000,0.483299413,-1.570796331,-1.639668872,0.000000000,-0.023453562,1.570796328,1.561513440
10.250000000,-0.295150000,-0.284748037,-0.112350000,-0.110026882,0.480900000,0.491371703,-1.570796331,-1.643013567,0.000000000,-0.014999048,1.570796328,1.535542478
10.300000000,-0.295150000,-0.287697991,-0.112350000,-0.117922837,0.480900000,0.485028477,-1.570796331,-1.659170997,0.000000000,-0.005501728,1.570796328,1.578075487
10.350000000,-0.295150000,-0.291081089,-0.112350000,-0.120385277,0.480900000,0.481745589,-1.570796331,-1.652686916,0.000000000,0.000085287,1.570796328,1.610365334
10.400000000,-0.295150000,-0.316252716,-0.112350000,-0.109928108,0.480900000,0.468192659,-1.570796331,-1.639663921,0.000000000,0.021831492,1.570796328,1.603504552
10.450000000,-0.295150000,-0.307476962,-0.112350000,-0.111731408,0.480900000,0.471088512,-1.570796331,-1.647003508,0.000000000,0.021062902,1.570796328,1.588598565
10.500000000,-0.295150000,-0.297705351,-0.112350000,-0.110926057,0.480900000,0.476894721,-1.570796331,-1.633437990,0.000000000,0.011346059,1.570796328,1.557402051
10.550000000,-0.295150000,-0.297968282,-0.112350000,-0.110646713,0.480900000,0.478228311,-1.570796331,-1.619764100,0.000000000,-0.001445626,1.570796328,1.529408755
10.600000000,-0.295150000,-0.297644466,-0.112350000,-0.110168075,0.480900000,0.480906866,-1.570796331,-1.633117647,0.000000000,-0.012629053,1.570796328,1.503469987
10.650000000,-0.295150000,-0.285029073,-0.112350000,-0.110782513,0.480900000,0.483651501,-1.570796331,-1.645260184,0.000000000,-0.019437106,1.570796328,1.504737006
10.700000000,-0.295150000,-0.285903199,-0.112350000,-0.106639932,0.480900000,0.484402532,-1.570796331,-1.658252995,0.000000000,-0.018711388,1.570796328,1.502850010
10.750000000,-0.295150000,-0.293795415,-0.112350000,-0.106650896,0.480900000,0.479621729,-1.570796331,-1.655607706,0.000000000,-0.016553265,1.570796328,1.521457735
10.800000000,-0.295150000,-0.312132286,-0.112350000,-0.101724119,0.480900000,0.469248749,-1.570796331,-1.655626112,0.000000000,-0.003841666,1.570796328,1.532345756
10.850000000,-0.295150000,-0.313494091,-0.112350000,-0.101393467,0.480900000,0.470606765,-1.570796331,-1.667321352,0.000000000,-0.013710899,1.570796328,1.537900932
10.900000000,-0.295150000,-0.299672478,-0.112350000,-0.095292042,0.480900000,0.482280278,-1.570796331,-1.666659337,0.000000000,-0.000609247,1.570796328,1.512101709
10.950000000,-0.295150000,-0.292573232,-0.112350000,-0.105302832,0.480900000,0.483352082,-1.570796331,-1.665776360,0.000000000,-0.005800122,1.570796328,1.540079044
11.000000000,-0.295150000,-0.303623481,-0.112350000,-0.104320585,0.480900000,0.475499391,-1.570796331,-1.656823886,0.000000000,0.000370815,1.570796328,1.537371910
11.050000000,-0.295150000,-0.303909478,-0.112350000,-0.114857878,0.480900000,0.471447627,-1.570796331,-1.649818309,0.000000000,-0.001416287,1.570796328,1.551054439
11.100000000,-0.295150000,-0.302778140,-0.112350000,-0.123986625,0.480900000,0.472180888,-1.570796331,-1.645985368,0.000000000,0.008773374,1.570796328,1.568929209
11.150000000,-0.295150000,-0.303636119,-0.112350000,-0.129736193,0.480900000,0.472622233,-1.570796331,-1.638343134,0.000000000,0.019011608,1.570796328,1.587810972
11.200000000,-0.295150000,-0.304109976,-0.112350000,-0.132860813,0.480900000,0.474025513,-1.570796331,-1.649510963,0.000000000,0.023081682,1.570796328,1.593313125
11.250000000,-0.295150000,-0.287661154,-0.112350000,-0.123717094,0.480900000,0.488672167,-1.570796331,-1.651386337,0.000000000,0.016753182,1.570796328,1.536814468
11.300000000,-0.295150000,-0.284881509,-0.112350000,-0.120118112,0.480900000,0.490587862,-1.570796331,-1.649715577,0.000000000,0.000653355,1.570796328,1.489340419
11.350000000,-0.295150000,-0.292312465,-0.112350000,-0.116542298,0.480900000,0.483603736,-1.570796331,-1.642685243,0.000000000,0.000528527,1.570796328,1.485234647
11.400000000,-0.295150000,-0.308476645,-0.112350000,-0.114463428,0.480900000,0.468312221,-1.570796331,-1.655746851,0.000000000,-0.005020556,1.570796328,1.518003321
11.450000000,-0.295150000,-0.304522835,-0.112350000,-0.111311206,0.480900000,0.470584798,-1.570796331,-1.662687941,0.000000000,0.004561797,1.570796328,1.525028304
11.500000000,-0.295150000,-0.299954645,-0.112350000,-0.111994933,0.480900000,0.475759703,-1.570796331,-1.669779625,0.000000000,0.015481196,1.570796328,1.538720855
11.550000000,-0.295150000,-0.304257471,-0.112350000,-0.106741347,0.480900000,0.476383864,-1.570796331,-1.652701407,0.000000000,0.007048818,1.570796328,1.532577213
11.600000000,-0.295150000,-0.305555056,-0.112350000,-0.104404070,0.480900000,0.474326614,-1.570796331,-1.654739811,0.000000000,0.003830249,1.570796328,1.513997884
11.650000000,-0.295150000,-0.301617658,-0.112350000,-0.105734225,0.480900000,0.476719406,-1.570796331,-1.651928124,0.000000000,-0.005209374,1.570796328,1.501777242
11.700000000,-0.295150000,-0.297877286,-0.112350000,-0.108658410,0.480900000,0.478729319,-1.570796331,-1.649655824,0.000000000,-0.008099089,1.570796328,1.500924808
11.750000000,-0.295150000,-0.292195435,-0.112350000,-0.108834133,0.480900000,0.483752970,-1.570796331,-1.659407124,0.000000000,-0.007293730,1.570796328,1.491929064
11.800000000,-0.295150000,-0.289564400,-0.112350000,-0.113976171,0.480900000,0.481079728,-1.570796331,-1.649710934,0.000000000,-0.008757857,1.570796328,1.512546706
11.850000000,-0.295150000,-0.299801289,-0.112350000,-0.112117299,0.480900000,0.475256608,-1.570796331,-1.644123361,0.000000000,-0.001361376,1.570796328,1.517673847
11.900000000,-0.295150000,-0.301316483,-0.112350000,-0.113503119,0.480900000,0.472921463,-1.570796331,-1.644074536,0.000000000,0.011089791,1.570796328,1.534404246
11.950000000,-0.295150000,-0.298746502,-0.112350000,-0.109902073,0.480900000,0.476162597,-1.570796331,-1.648534629,0.000000000,0.007507647,1.570796328,1.535473332
12.000000000,-0.295150000,-0.295669449,-0.112350000,-0.105304897,0.480900000,0.479682927,-1.570796331,-1.645782034,0.000000000,0.007633615,1.570796328,1.512692051
12.050000000,-0.295150000,-0.295076450,-0.112350000,-0.107293877,0.480900000,0.482001471,-1.570796331,-1.645964221,0.000000000,0.000718025,1.570796328,1.510130845
12.100000000,-0.295150000,-0.293179705,-0.112350000,-0.109458097,0.480900000,0.485816260,-1.570796331,-1.658965054,0.000000000,0.003966309,1.570796328,1.522243148
12.150000000,-0.295150000,-0.281182854,-0.112350000,-0.107845616,0.480900000,0.489676866,-1.570796331,-1.675640830,0.000000000,-0.001408183,1.570796328,1.539637833
12.200000000,-0.295150000,-0.282738455,-0.112350000,-0.101664371,0.480900000,0.490430856,-1.570796331,-1.679114245,0.000000000,-0.012113629,1.570796328,1.541038187
12.250000000,-0.295150000,-0.301289904,-0.112350000,-0.099437030,0.480900000,0.476640249,-1.570796331,-1.676572435,0.000000000,-0.005040490,1.570796328,1.563376035
12.300000000,-0.295150000,-0.311774660,-0.112350000,-0.108046035,0.480900000,0.469780993,-1.570796331,-1.682402474,0.000000000,-0.005419183,1.570796328,1.606061289
12.350000000,-0.295150000,-0.312735529,-0.112350000,-0.116077305,0.480900000,0.470447067,-1.570796331,-1.677122913,0.000000000,0.001285816,1.570796328,1.638073515
12.400000000,-0.295150000,-0.304067472,-0.112350000,-0.121263554,0.480900000,0.474416861,-1.570796331,-1.682087451,0.000000000,0.009339484,1.570796328,1.651771633
12.450000000,-0.295150000,-0.293545142,-0.112350000,-0.123925208,0.480900000,0.482030470,-1.570796331,-1.677474717,0.000000000,0.014507185,1.570796328,1.654188249
12.500000000,-0.295150000,-0.299069776,-0.112350000,-0.116613536,0.480900000,0.480587557,-1.570796331,-1.667085161,0.000000000,0.029322499,1.570796328,1.654425267
12.550000000,-0.295150000,-0.309323404,-0.112350000,-0.106561964,0.480900000,0.472296030,-1.570796331,-1.644058956,0.000000000,0.013986151,1.570796328,1.632694298
12.600000000,-0.295150000,-0.319208371,-0.112350000,-0.100809651,0.480900000,0.468302719,-1.570796331,-1.634145412,0.000000000,0.005301641,1.570796328,1.607368801
12.650000000,-0.295150000,-0.315868632,-0.112350000,-0.101011494,0.480900000,0.472401279,-1.570796331,-1.639467232,0.000000000,-0.006800387,1.570796328,1.584773372
12.700000000,-0.295150000,-0.301749269,-0.112350000,-0.104708864,0.480900000,0.481250723,-1.570796331,-1.635577321,0.000000000,-0.021232475,1.570796328,1.564869537
12.750000000,-0.295150000,-0.298001096,-0.112350000,-0.106880227,0.480900000,0.483862252,-1.570796331,-1.629785732,0.000000000,-0.019464700,1.570796328,1.554825115
12.800000000,-0.295150000,-0.295566978,-0.112350000,-0.114662336,0.480900000,0.481140965,-1.570796331,-1.634822106,0.000000000,-0.021285716,1.570796328,1.576326268
12.850000000,-0.295150000,-0.296182062,-0.112350000,-0.117301476,0.480900000,0.481672899,-1.570796331,-1.624172341,0.000000000,-0.019625222,1.570796328,1.585722237
12.900000000,-0.295150000,-0.301687885,-0.112350000,-0.117561475,0.480900000,0.474396135,-1.570796331,-1.633299093,0.000000000,-0.005891053,1.570796328,1.592696787
12.950000000,-0.295150000,-0.290028542,-0.112350000,-0.118995701,0.480900000,0.479114367,-1.570796331,-1.637787495,0.000000000,-0.000953407,1.570796328,1.579154582
13.000000000,-0.295150000,-0.287097234,-0.112350000,-0.122337757,0.480900000,0.483536305,-1.570796331,-1.644864539,0.000000000,0.012170647,1.570796328,1.578335645
13.050000000,-0.295150000,-0.292751826,-0.112350000,-0.129281398,0.480900000,0.479328801,-1.570796331,-1.654844361,0.000000000,0.030657229,1.570796328,1.624475193
13.100000000,-0.295150000,-0.296123179,-0.112350000,-0.129069911,0.480900000,0.479662233,-1.570796331,-1.652605909,0.000000000,0.035209904,1.570796328,1.649041403
13.150000000,-0.295150000,-0.313804886,-0.112350000,-0.112317292,0.480900000,0.473872184,-1.570796331,-1.634964160,0.000000000,0.034651898,1.570796328,1.619890701
13.200000000,-0.295150000,-0.317409787,-0.112350000,-0.101611230,0.480900000,0.472958283,-1.570796331,-1.634283079,0.000000000,0.014150491,1.570796328,1.566939370
13.250000000,-0.295150000,-0.298804486,-0.112350000,-0.102993477,0.480900000,0.482873269,-1.570796331,-1.644522481,0.000000000,0.006393565,1.570796328,1.536483229
13.300000000,-0.295150000,-0.292963037,-0.112350000,-0.104967180,0.480900000,0.482740548,-1.570796331,-1.655013177,0.000000000,-0.002951883,1.570796328,1.537060756
13.350000000,-0.295150000,-0.283502420,-0.112350000,-0.104017529,0.480900000,0.489611681,-1.570796331,-1.656313562,0.000000000,-0.014902317,1.570796328,1.508297625
13.400000000,-0.295150000,-0.290383670,-0.112350000,-0.103796444,0.480900000,0.484975091,-1.570796331,-1.657647511,0.000000000,-0.024926571,1.570796328,1.492151899
13.450000000,-0.295150000,-0.304429907,-0.112350000,-0.110992357,0.480900000,0.476177078,-1.570796331,-1.658353606,0.000000000,-0.022461784,1.570796328,1.519621539
13.500000000,-0.295150000,-0.300819470,-0.112350000,-0.115261709,0.480900000,0.477100641,-1.570796331,-1.670095347,0.000000000,-0.022069017,1.570796328,1.539335122
13.550000000,-0.295150000,-0.294858124,-0.112350000,-0.118983907,0.480900000,0.479842455,-1.570796331,-1.668003170,0.000000000,-0.017966302,1.570796328,1.554469459
13.600000000,-0.295150000,-0.308426261,-0.112350000,-0.116090818,0.480900000,0.471048159,-1.570796331,-1.652935378,0.000000000,-0.005243773,1.570796328,1.557249738
13.650000000,-0.295150000,-0.311195175,-0.112350000,-0.118800184,0.480900000,0.467813090,-1.570796331,-1.646255873,0.000000000,-0.005117641,1.570796328,1.562321893
13.700000000,-0.295150000,-0.310006740,-0.112350000,-0.117907335,0.480900000,0.471855329,-1.570796331,-1.638093735,0.000000000,-0.005950427,1.570796328,1.550296631
13.750000000,-0.295150000,-0.301539507,-0.112350000,-0.114162393,0.480900000,0.480113335,-1.570796331,-1.650199163,0.000000000,-0.005681918,1.570796328,1.531861247
13.800000000,-0.295150000,-0.295650888,-0.112350000,-0.109548431,0.480900000,0.484844879,-1.570796331,-1.640843262,0.000000000,-0.000124701,1.570796328,1.521420221
13.850000000,-0.295150000,-0.302917969,-0.112350000,-0.112358859,0.480900000,0.479647469,-1.570796331,-1.643463601,0.000000000,0.009083805,1.570796328,1.552967000
13.900000000,-0.295150000,-0.301660079,-0.112350000,-0.114088500,0.480900000,0.480976305,-1.570796331,-1.644358339,0.000000000,0.024495292,1.570796328,1.571927883
13.950000000,-0.295150000,-0.299983836,-0.112350000,-0.111903024,0.480900000,0.479243791,-1.570796331,-1.637788114,0.000000000,0.025037887,1.570796328,1.570972401
14.000000000,-0.295150000,-0.294385011,-0.112350000,-0.105386629,0.480900000,0.483430338,-1.570796331,-1.649620212,0.000000000,0.013710144,1.570796328,1.534078064
14.050000000,-0.295150000,-0.291195379,-0.112350000,-0.106592187,0.480900000,0.483089915,-1.570796331,-1.643741908,0.000000000,0.008841242,1.570796328,1.527584363
14.100000000,-0.295150000,-0.296621811,-0.112350000,-0.110124547,0.480900000,0.477989067,-1.570796331,-1.639440325,0.000000000,0.000873732,1.570796328,1.553668390
14.150000000,-0.295150000,-0.301098942,-0.112350000,-0.111589279,0.480900000,0.474812426,-1.570796331,-1.650390416,0.000000000,-0.000445890,1.570796328,1.563964374
14.200000000,-0.295150000,-0.292167506,-0.112350000,-0.117301402,0.480900000,0.478901678,-1.570796331,-1.650671045,0.000000000,-0.001136094,1.570796328,1.574468532
14.250000000,-0.295150000,-0.295744569,-0.112350000,-0.117466514,0.480900000,0.478575865,-1.570796331,-1.646036798,0.000000000,0.000935107,1.570796328,1.586529611
14.300000000,-0.295150000,-0.302782102,-0.112350000,-0.115701354,0.480900000,0.476451259,-1.570796331,-1.635584858,0.000000000,-0.000344899,1.570796328,1.590867361
14.350000000,-0.295150000,-0.301735849,-0.112350000,-0.115947502,0.480900000,0.475980502,-1.570796331,-1.647614304,0.000000000,0.001414386,1.570796328,1.564472623
14.400000000,-0.295150000,-0.292644236,-0.112350000,-0.123069998,0.480900000,0.481395267,-1.570796331,-1.643515678,0.000000000,-0.000593278,1.570796328,1.560781130
14.450000000,-0.295150000,-0.299034364,-0.112350000,-0.122358137,0.480900000,0.479210924,-1.570796331,-1.633201648,0.000000000,0.003820812,1.570796328,1.555571107
14.500000000,-0.295150000,-0.305397594,-0.112350000,-0.117656181,0.480900000,0.475079169,-1.570796331,-1.633595656,0.000000000,0.014400524,1.570796328,1.572120499
14.550000000,-0.295150000,-0.308616345,-0.112350000,-0.107816930,0.480900000,0.476563678,-1.570796331,-1.631043116,0.000000000,0.018607280,1.570796328,1.565626461
14.600000000,-0.295150000,-0.310061580,-0.112350000,-0.102108909,0.480900000,0.478581268,-1.570796331,-1.632964326,0.000000000,0.018911811,1.570796328,1.562930357
14.650000000,-0.295150000,-0.308820890,-0.112350000,-0.098812256,0.480900000,0.481959398,-1.570796331,-1.635023048,0.000000000,0.010895173,1.570796328,1.562727405
14.700000000,-0.295150000,-0.309560976,-0.112350000,-0.095104474,0.480900000,0.486211021,-1.570796331,-1.630475932,0.000000000,0.000894636,1.570796328,1.566245389
14.750000000,-0.295150000,-0.308335877,-0.112350000,-0.102112816,0.480900000,0.481310787,-1.570796331,-1.637583554,0.000000000,-0.002398294,1.570796328,1.593333736
14.800000000,-0.295150000,-0.301145139,-0.112350000,-0.114127670,0.480900000,0.476471532,-1.570796331,-1.640632245,0.000000000,-0.009927899,1.570796328,1.627264276
14.850000000,-0.295150000,-0.295128778,-0.112350000,-0.115787973,0.480900000,0.480834711,-1.570796331,-1.640724666,0.000000000,-0.011465145,1.570796328,1.618266814
14.900000000,-0.295150000,-0.291662969,-0.112350000,-0.118417295,0.480900000,0.480628270,-1.570796331,-1.639666328,0.000000000,-0.010836901,1.570796328,1.609957714
14.950000000,-0.295150000,-0.291743711,-0.112350000,-0.118264048,0.480900000,0.479555901,-1.570796331,-1.640271340,0.000000000,-0.010574105,1.570796328,1.600269185
15.000000000,-0.295150000,-0.292985381,-0.112350000,-0.116675636,0.480900000,0.479160518,-1.570796331,-1.641436360,0.000000000,-0.008869491,1.570796328,1.587021279
15.050000000,-0.295150000,-0.294253411,-0.112350000,-0.115177195,0.480900000,0.479048024,-1.570796331,-1.642842888,0.000000000,-0.006890584,1.570796328,1.574603852
15.100000000,-0.295150000,-0.295245947,-0.112350000,-0.114199483,0.480900000,0.479053393,-1.570796331,-1.644074243,0.000000000,-0.004988741,1.570796328,1.565895929
15.150000000,-0.295150000,-0.296019411,-0.112350000,-0.113594606,0.480900000,0.479104696,-1.570796331,-1.644910524,0.000000000,-0.003297962,1.570796328,1.561030958
15.200000000,-0.295150000,-0.296624798,-0.112350000,-0.113246664,0.480900000,0.479168888,-1.570796331,-1.645369516,0.000000000,-0.001874736,1.570796328,1.559236432
15.250000000,-0.295150000,-0.297103457,-0.112350000,-0.113067837,0.480900000,0.479232124,-1.570796331,-1.645533407,0.000000000,-0.000737784,1.570796328,1.559571732
15.300000000,-0.295150000,-0.297487531,-0.112350000,-0.112991798,0.480900000,0.479289510,-1.570796331,-1.645487784,0.000000000,0.000119894,1.570796328,1.561200361
15.350000000,-0.295150000,-0.297801072,-0.112350000,-0.112971235,0.480900000,0.479339988,-1.570796331,-1.645303966,0.000000000,0.000724082,1.570796328,1.563478709
15.400000000,-0.295150000,-0.298061564,-0.112350000,-0.112974829,0.480900000,0.479383944,-1.570796331,-1.645036369,0.000000000,0.001112377,1.570796328,1.565960357
15.450000000,-0.295150000,-0.298273838,-0.112350000,-0.112972044,0.480900000,0.479421033,-1.570796331,-1.644739668,0.000000000,0.001325546,1.570796328,1.568482061
15.500000000,-0.295150000,-0.299882841,-0.112350000,-0.110850784,0.480900000,0.479779443,-1.570796331,-1.641731679,0.000000000,0.001161222,1.570796328,1.578614928
15.550000000,-0.295150000,-0.312356910,-0.112350000,-0.105346680,0.480900000,0.480241880,-1.570796331,-1.631072295,0.000000000,0.001259613,1.570796328,1.583256788
15.600000000,-0.295150000,-0.326021325,-0.112350000,-0.107373441,0.480900000,0.480331712,-1.570796331,-1.623384841,0.000000000,0.001591010,1.570796328,1.607911928
